country,player_name,player_name_en,shirt_number,position,rarity,priority,output_path,prompt
"Spain","大卫·拉亚","RAYA David","1","GK","Rare","P2","public/cards/spain/raya-david.png","Create one complete vertical 2:3 AI-generated 2026 World Cup football collectible card for RAYA David / 大卫·拉亚. National team: Spain. Jersey: Spain red home jersey with yellow-gold trim and dark blue accents. Shirt number: #1. Position: GK. Portrait direction: create an original footballer portrait with a similar playing-role energy and public vibe to RAYA David, but do not request or imply an exact likeness, identity-copy, or real photo replication. Rarity: Rare. Visual strength: 60% luxury. Design language: blue-silver formal World Cup collectible card, clean premium border, clear player portrait, reduced light effects. Country palette: red, yellow-gold, dark blue. Use the unified card system inspired by the local Rare template reference (assets/card_templates/sample-rare-diogo-costa.png): Layer 1 background and border, Layer 2 player portrait, Layer 3 UI information; keep the face and upper body clear. Visible card text only: ""大卫·拉亚"", ""RAYA David"", ""Spain"", ""#1"", ""GK"", ""Rare"", ""2026 World Cup"", ""CAN / MEX / USA 2026"". Output filename: raya-david.png. Intended path: public/cards/spain/raya-david.png. Strictly avoid UEFA EURO, EURO 2024, Qatar 2022, 2022 World Cup, ability values, attack/defense/speed attributes, FUT-style attribute panels, titles, codenames, slogans, short descriptive copy, club logos, sponsor logos, watermarks, extra random text, and misspelled tournament branding."
"Spain","马克·普比尔","PUBILL Marc","2","DF","Common","P3","public/cards/spain/pubill-marc.png","Create one complete vertical 2:3 AI-generated 2026 World Cup football collectible card for PUBILL Marc / 马克·普比尔. National team: Spain. Jersey: Spain red home jersey with yellow-gold trim and dark blue accents. Shirt number: #2. Position: DF. Portrait direction: create an original footballer portrait with a similar playing-role energy and public vibe to PUBILL Marc, but do not request or imply an exact likeness, identity-copy, or real photo replication. Rarity: Common. Visual strength: 40% luxury. Design language: white-silver clean World Cup collectible card, simple but still premium, clear player portrait, minimal glow. Country palette: red, yellow-gold, dark blue. Use the unified card system inspired by the local Common template reference (assets/card_templates/sample-common-nelson-semedo.png): Layer 1 background and border, Layer 2 player portrait, Layer 3 UI information; keep the face and upper body clear. Visible card text only: ""马克·普比尔"", ""PUBILL Marc"", ""Spain"", ""#2"", ""DF"", ""Common"", ""2026 World Cup"", ""CAN / MEX / USA 2026"". Output filename: pubill-marc.png. Intended path: public/cards/spain/pubill-marc.png. Strictly avoid UEFA EURO, EURO 2024, Qatar 2022, 2022 World Cup, ability values, attack/defense/speed attributes, FUT-style attribute panels, titles, codenames, slogans, short descriptive copy, club logos, sponsor logos, watermarks, extra random text, and misspelled tournament branding."
"Spain","亚历克斯·格里马尔多","GRIMALDO Alex","3","DF","Common","P3","public/cards/spain/grimaldo-alex.png","Create one complete vertical 2:3 AI-generated 2026 World Cup football collectible card for GRIMALDO Alex / 亚历克斯·格里马尔多. National team: Spain. Jersey: Spain red home jersey with yellow-gold trim and dark blue accents. Shirt number: #3. Position: DF. Portrait direction: create an original footballer portrait with a similar playing-role energy and public vibe to GRIMALDO Alex, but do not request or imply an exact likeness, identity-copy, or real photo replication. Rarity: Common. Visual strength: 40% luxury. Design language: white-silver clean World Cup collectible card, simple but still premium, clear player portrait, minimal glow. Country palette: red, yellow-gold, dark blue. Use the unified card system inspired by the local Common template reference (assets/card_templates/sample-common-nelson-semedo.png): Layer 1 background and border, Layer 2 player portrait, Layer 3 UI information; keep the face and upper body clear. Visible card text only: ""亚历克斯·格里马尔多"", ""GRIMALDO Alex"", ""Spain"", ""#3"", ""DF"", ""Common"", ""2026 World Cup"", ""CAN / MEX / USA 2026"". Output filename: grimaldo-alex.png. Intended path: public/cards/spain/grimaldo-alex.png. Strictly avoid UEFA EURO, EURO 2024, Qatar 2022, 2022 World Cup, ability values, attack/defense/speed attributes, FUT-style attribute panels, titles, codenames, slogans, short descriptive copy, club logos, sponsor logos, watermarks, extra random text, and misspelled tournament branding."
"Spain","埃里克·加西亚","GARCIA Eric","4","DF","Common","P3","public/cards/spain/garcia-eric.png","Create one complete vertical 2:3 AI-generated 2026 World Cup football collectible card for GARCIA Eric / 埃里克·加西亚. National team: Spain. Jersey: Spain red home jersey with yellow-gold trim and dark blue accents. Shirt number: #4. Position: DF. Portrait direction: create an original footballer portrait with a similar playing-role energy and public vibe to GARCIA Eric, but do not request or imply an exact likeness, identity-copy, or real photo replication. Rarity: Common. Visual strength: 40% luxury. Design language: white-silver clean World Cup collectible card, simple but still premium, clear player portrait, minimal glow. Country palette: red, yellow-gold, dark blue. Use the unified card system inspired by the local Common template reference (assets/card_templates/sample-common-nelson-semedo.png): Layer 1 background and border, Layer 2 player portrait, Layer 3 UI information; keep the face and upper body clear. Visible card text only: ""埃里克·加西亚"", ""GARCIA Eric"", ""Spain"", ""#4"", ""DF"", ""Common"", ""2026 World Cup"", ""CAN / MEX / USA 2026"". Output filename: garcia-eric.png. Intended path: public/cards/spain/garcia-eric.png. Strictly avoid UEFA EURO, EURO 2024, Qatar 2022, 2022 World Cup, ability values, attack/defense/speed attributes, FUT-style attribute panels, titles, codenames, slogans, short descriptive copy, club logos, sponsor logos, watermarks, extra random text, and misspelled tournament branding."
"Spain","马科斯·略伦特","LLORENTE Marcos","5","DF","Common","P3","public/cards/spain/llorente-marcos.png","Create one complete vertical 2:3 AI-generated 2026 World Cup football collectible card for LLORENTE Marcos / 马科斯·略伦特. National team: Spain. Jersey: Spain red home jersey with yellow-gold trim and dark blue accents. Shirt number: #5. Position: DF. Portrait direction: create an original footballer portrait with a similar playing-role energy and public vibe to LLORENTE Marcos, but do not request or imply an exact likeness, identity-copy, or real photo replication. Rarity: Common. Visual strength: 40% luxury. Design language: white-silver clean World Cup collectible card, simple but still premium, clear player portrait, minimal glow. Country palette: red, yellow-gold, dark blue. Use the unified card system inspired by the local Common template reference (assets/card_templates/sample-common-nelson-semedo.png): Layer 1 background and border, Layer 2 player portrait, Layer 3 UI information; keep the face and upper body clear. Visible card text only: ""马科斯·略伦特"", ""LLORENTE Marcos"", ""Spain"", ""#5"", ""DF"", ""Common"", ""2026 World Cup"", ""CAN / MEX / USA 2026"". Output filename: llorente-marcos.png. Intended path: public/cards/spain/llorente-marcos.png. Strictly avoid UEFA EURO, EURO 2024, Qatar 2022, 2022 World Cup, ability values, attack/defense/speed attributes, FUT-style attribute panels, titles, codenames, slogans, short descriptive copy, club logos, sponsor logos, watermarks, extra random text, and misspelled tournament branding."
"Spain","米克尔·梅里诺","MERINO Mikel","6","MF","Common","P3","public/cards/spain/merino-mikel.png","Create one complete vertical 2:3 AI-generated 2026 World Cup football collectible card for MERINO Mikel / 米克尔·梅里诺. National team: Spain. Jersey: Spain red home jersey with yellow-gold trim and dark blue accents. Shirt number: #6. Position: MF. Portrait direction: create an original footballer portrait with a similar playing-role energy and public vibe to MERINO Mikel, but do not request or imply an exact likeness, identity-copy, or real photo replication. Rarity: Common. Visual strength: 40% luxury. Design language: white-silver clean World Cup collectible card, simple but still premium, clear player portrait, minimal glow. Country palette: red, yellow-gold, dark blue. Use the unified card system inspired by the local Common template reference (assets/card_templates/sample-common-nelson-semedo.png): Layer 1 background and border, Layer 2 player portrait, Layer 3 UI information; keep the face and upper body clear. Visible card text only: ""米克尔·梅里诺"", ""MERINO Mikel"", ""Spain"", ""#6"", ""MF"", ""Common"", ""2026 World Cup"", ""CAN / MEX / USA 2026"". Output filename: merino-mikel.png. Intended path: public/cards/spain/merino-mikel.png. Strictly avoid UEFA EURO, EURO 2024, Qatar 2022, 2022 World Cup, ability values, attack/defense/speed attributes, FUT-style attribute panels, titles, codenames, slogans, short descriptive copy, club logos, sponsor logos, watermarks, extra random text, and misspelled tournament branding."
"Spain","费兰·托雷斯","TORRES Ferran","7","FW","Common","P3","public/cards/spain/torres-ferran.png","Create one complete vertical 2:3 AI-generated 2026 World Cup football collectible card for TORRES Ferran / 费兰·托雷斯. National team: Spain. Jersey: Spain red home jersey with yellow-gold trim and dark blue accents. Shirt number: #7. Position: FW. Portrait direction: create an original footballer portrait with a similar playing-role energy and public vibe to TORRES Ferran, but do not request or imply an exact likeness, identity-copy, or real photo replication. Rarity: Common. Visual strength: 40% luxury. Design language: white-silver clean World Cup collectible card, simple but still premium, clear player portrait, minimal glow. Country palette: red, yellow-gold, dark blue. Use the unified card system inspired by the local Common template reference (assets/card_templates/sample-common-nelson-semedo.png): Layer 1 background and border, Layer 2 player portrait, Layer 3 UI information; keep the face and upper body clear. Visible card text only: ""费兰·托雷斯"", ""TORRES Ferran"", ""Spain"", ""#7"", ""FW"", ""Common"", ""2026 World Cup"", ""CAN / MEX / USA 2026"". Output filename: torres-ferran.png. Intended path: public/cards/spain/torres-ferran.png. Strictly avoid UEFA EURO, EURO 2024, Qatar 2022, 2022 World Cup, ability values, attack/defense/speed attributes, FUT-style attribute panels, titles, codenames, slogans, short descriptive copy, club logos, sponsor logos, watermarks, extra random text, and misspelled tournament branding."
"Spain","法比安·鲁伊斯","RUIZ Fabian","8","MF","Common","P3","public/cards/spain/ruiz-fabian.png","Create one complete vertical 2:3 AI-generated 2026 World Cup football collectible card for RUIZ Fabian / 法比安·鲁伊斯. National team: Spain. Jersey: Spain red home jersey with yellow-gold trim and dark blue accents. Shirt number: #8. Position: MF. Portrait direction: create an original footballer portrait with a similar playing-role energy and public vibe to RUIZ Fabian, but do not request or imply an exact likeness, identity-copy, or real photo replication. Rarity: Common. Visual strength: 40% luxury. Design language: white-silver clean World Cup collectible card, simple but still premium, clear player portrait, minimal glow. Country palette: red, yellow-gold, dark blue. Use the unified card system inspired by the local Common template reference (assets/card_templates/sample-common-nelson-semedo.png): Layer 1 background and border, Layer 2 player portrait, Layer 3 UI information; keep the face and upper body clear. Visible card text only: ""法比安·鲁伊斯"", ""RUIZ Fabian"", ""Spain"", ""#8"", ""MF"", ""Common"", ""2026 World Cup"", ""CAN / MEX / USA 2026"". Output filename: ruiz-fabian.png. Intended path: public/cards/spain/ruiz-fabian.png. Strictly avoid UEFA EURO, EURO 2024, Qatar 2022, 2022 World Cup, ability values, attack/defense/speed attributes, FUT-style attribute panels, titles, codenames, slogans, short descriptive copy, club logos, sponsor logos, watermarks, extra random text, and misspelled tournament branding."
"Spain","加维","GAVI","9","MF","Rare","P2","public/cards/spain/gavi.png","Create one complete vertical 2:3 AI-generated 2026 World Cup football collectible card for GAVI / 加维. National team: Spain. Jersey: Spain red home jersey with yellow-gold trim and dark blue accents. Shirt number: #9. Position: MF. Portrait direction: create an original footballer portrait with a similar playing-role energy and public vibe to GAVI, but do not request or imply an exact likeness, identity-copy, or real photo replication. Rarity: Rare. Visual strength: 60% luxury. Design language: blue-silver formal World Cup collectible card, clean premium border, clear player portrait, reduced light effects. Country palette: red, yellow-gold, dark blue. Use the unified card system inspired by the local Rare template reference (assets/card_templates/sample-rare-diogo-costa.png): Layer 1 background and border, Layer 2 player portrait, Layer 3 UI information; keep the face and upper body clear. Visible card text only: ""加维"", ""GAVI"", ""Spain"", ""#9"", ""MF"", ""Rare"", ""2026 World Cup"", ""CAN / MEX / USA 2026"". Output filename: gavi.png. Intended path: public/cards/spain/gavi.png. Strictly avoid UEFA EURO, EURO 2024, Qatar 2022, 2022 World Cup, ability values, attack/defense/speed attributes, FUT-style attribute panels, titles, codenames, slogans, short descriptive copy, club logos, sponsor logos, watermarks, extra random text, and misspelled tournament branding."
"Spain","达尼·奥尔莫","OLMO Dani","10","FW","Epic","P1","public/cards/spain/olmo-dani.png","Create one complete vertical 2:3 AI-generated 2026 World Cup football collectible card for OLMO Dani / 达尼·奥尔莫. National team: Spain. Jersey: Spain red home jersey with yellow-gold trim and dark blue accents. Shirt number: #10. Position: FW. Portrait direction: create an original footballer portrait with a similar playing-role energy and public vibe to OLMO Dani, but do not request or imply an exact likeness, identity-copy, or real photo replication. Rarity: Epic. Visual strength: 80% luxury. Design language: purple-gold and national-team energy card, star-player poster feeling, strong but controlled glow, premium gem-like border. Country palette: red, yellow-gold, dark blue. Use the unified card system inspired by the local Epic template reference (assets/card_templates/sample-epic-bruno.png): Layer 1 background and border, Layer 2 player portrait, Layer 3 UI information; keep the face and upper body clear. Visible card text only: ""达尼·奥尔莫"", ""OLMO Dani"", ""Spain"", ""#10"", ""FW"", ""Epic"", ""2026 World Cup"", ""CAN / MEX / USA 2026"". Output filename: olmo-dani.png. Intended path: public/cards/spain/olmo-dani.png. Strictly avoid UEFA EURO, EURO 2024, Qatar 2022, 2022 World Cup, ability values, attack/defense/speed attributes, FUT-style attribute panels, titles, codenames, slogans, short descriptive copy, club logos, sponsor logos, watermarks, extra random text, and misspelled tournament branding."
"Spain","耶雷米·皮诺","PINO Yeremy","11","FW","Common","P3","public/cards/spain/pino-yeremy.png","Create one complete vertical 2:3 AI-generated 2026 World Cup football collectible card for PINO Yeremy / 耶雷米·皮诺. National team: Spain. Jersey: Spain red home jersey with yellow-gold trim and dark blue accents. Shirt number: #11. Position: FW. Portrait direction: create an original footballer portrait with a similar playing-role energy and public vibe to PINO Yeremy, but do not request or imply an exact likeness, identity-copy, or real photo replication. Rarity: Common. Visual strength: 40% luxury. Design language: white-silver clean World Cup collectible card, simple but still premium, clear player portrait, minimal glow. Country palette: red, yellow-gold, dark blue. Use the unified card system inspired by the local Common template reference (assets/card_templates/sample-common-nelson-semedo.png): Layer 1 background and border, Layer 2 player portrait, Layer 3 UI information; keep the face and upper body clear. Visible card text only: ""耶雷米·皮诺"", ""PINO Yeremy"", ""Spain"", ""#11"", ""FW"", ""Common"", ""2026 World Cup"", ""CAN / MEX / USA 2026"". Output filename: pino-yeremy.png. Intended path: public/cards/spain/pino-yeremy.png. Strictly avoid UEFA EURO, EURO 2024, Qatar 2022, 2022 World Cup, ability values, attack/defense/speed attributes, FUT-style attribute panels, titles, codenames, slogans, short descriptive copy, club logos, sponsor logos, watermarks, extra random text, and misspelled tournament branding."
"Spain","佩德罗·波罗","PORRO Pedro","12","DF","Common","P3","public/cards/spain/porro-pedro.png","Create one complete vertical 2:3 AI-generated 2026 World Cup football collectible card for PORRO Pedro / 佩德罗·波罗. National team: Spain. Jersey: Spain red home jersey with yellow-gold trim and dark blue accents. Shirt number: #12. Position: DF. Portrait direction: create an original footballer portrait with a similar playing-role energy and public vibe to PORRO Pedro, but do not request or imply an exact likeness, identity-copy, or real photo replication. Rarity: Common. Visual strength: 40% luxury. Design language: white-silver clean World Cup collectible card, simple but still premium, clear player portrait, minimal glow. Country palette: red, yellow-gold, dark blue. Use the unified card system inspired by the local Common template reference (assets/card_templates/sample-common-nelson-semedo.png): Layer 1 background and border, Layer 2 player portrait, Layer 3 UI information; keep the face and upper body clear. Visible card text only: ""佩德罗·波罗"", ""PORRO Pedro"", ""Spain"", ""#12"", ""DF"", ""Common"", ""2026 World Cup"", ""CAN / MEX / USA 2026"". Output filename: porro-pedro.png. Intended path: public/cards/spain/porro-pedro.png. Strictly avoid UEFA EURO, EURO 2024, Qatar 2022, 2022 World Cup, ability values, attack/defense/speed attributes, FUT-style attribute panels, titles, codenames, slogans, short descriptive copy, club logos, sponsor logos, watermarks, extra random text, and misspelled tournament branding."
"Spain","霍安·加西亚","GARCIA Joan","13","GK","Common","P3","public/cards/spain/garcia-joan.png","Create one complete vertical 2:3 AI-generated 2026 World Cup football collectible card for GARCIA Joan / 霍安·加西亚. National team: Spain. Jersey: Spain red home jersey with yellow-gold trim and dark blue accents. Shirt number: #13. Position: GK. Portrait direction: create an original footballer portrait with a similar playing-role energy and public vibe to GARCIA Joan, but do not request or imply an exact likeness, identity-copy, or real photo replication. Rarity: Common. Visual strength: 40% luxury. Design language: white-silver clean World Cup collectible card, simple but still premium, clear player portrait, minimal glow. Country palette: red, yellow-gold, dark blue. Use the unified card system inspired by the local Common template reference (assets/card_templates/sample-common-nelson-semedo.png): Layer 1 background and border, Layer 2 player portrait, Layer 3 UI information; keep the face and upper body clear. Visible card text only: ""霍安·加西亚"", ""GARCIA Joan"", ""Spain"", ""#13"", ""GK"", ""Common"", ""2026 World Cup"", ""CAN / MEX / USA 2026"". Output filename: garcia-joan.png. Intended path: public/cards/spain/garcia-joan.png. Strictly avoid UEFA EURO, EURO 2024, Qatar 2022, 2022 World Cup, ability values, attack/defense/speed attributes, FUT-style attribute panels, titles, codenames, slogans, short descriptive copy, club logos, sponsor logos, watermarks, extra random text, and misspelled tournament branding."
"Spain","艾梅里克·拉波尔特","LAPORTE Aymeric","14","DF","Common","P3","public/cards/spain/laporte-aymeric.png","Create one complete vertical 2:3 AI-generated 2026 World Cup football collectible card for LAPORTE Aymeric / 艾梅里克·拉波尔特. National team: Spain. Jersey: Spain red home jersey with yellow-gold trim and dark blue accents. Shirt number: #14. Position: DF. Portrait direction: create an original footballer portrait with a similar playing-role energy and public vibe to LAPORTE Aymeric, but do not request or imply an exact likeness, identity-copy, or real photo replication. Rarity: Common. Visual strength: 40% luxury. Design language: white-silver clean World Cup collectible card, simple but still premium, clear player portrait, minimal glow. Country palette: red, yellow-gold, dark blue. Use the unified card system inspired by the local Common template reference (assets/card_templates/sample-common-nelson-semedo.png): Layer 1 background and border, Layer 2 player portrait, Layer 3 UI information; keep the face and upper body clear. Visible card text only: ""艾梅里克·拉波尔特"", ""LAPORTE Aymeric"", ""Spain"", ""#14"", ""DF"", ""Common"", ""2026 World Cup"", ""CAN / MEX / USA 2026"". Output filename: laporte-aymeric.png. Intended path: public/cards/spain/laporte-aymeric.png. Strictly avoid UEFA EURO, EURO 2024, Qatar 2022, 2022 World Cup, ability values, attack/defense/speed attributes, FUT-style attribute panels, titles, codenames, slogans, short descriptive copy, club logos, sponsor logos, watermarks, extra random text, and misspelled tournament branding."
"Spain","亚历克斯·巴埃纳","BAENA Alex","15","MF","Common","P3","public/cards/spain/baena-alex.png","Create one complete vertical 2:3 AI-generated 2026 World Cup football collectible card for BAENA Alex / 亚历克斯·巴埃纳. National team: Spain. Jersey: Spain red home jersey with yellow-gold trim and dark blue accents. Shirt number: #15. Position: MF. Portrait direction: create an original footballer portrait with a similar playing-role energy and public vibe to BAENA Alex, but do not request or imply an exact likeness, identity-copy, or real photo replication. Rarity: Common. Visual strength: 40% luxury. Design language: white-silver clean World Cup collectible card, simple but still premium, clear player portrait, minimal glow. Country palette: red, yellow-gold, dark blue. Use the unified card system inspired by the local Common template reference (assets/card_templates/sample-common-nelson-semedo.png): Layer 1 background and border, Layer 2 player portrait, Layer 3 UI information; keep the face and upper body clear. Visible card text only: ""亚历克斯·巴埃纳"", ""BAENA Alex"", ""Spain"", ""#15"", ""MF"", ""Common"", ""2026 World Cup"", ""CAN / MEX / USA 2026"". Output filename: baena-alex.png. Intended path: public/cards/spain/baena-alex.png. Strictly avoid UEFA EURO, EURO 2024, Qatar 2022, 2022 World Cup, ability values, attack/defense/speed attributes, FUT-style attribute panels, titles, codenames, slogans, short descriptive copy, club logos, sponsor logos, watermarks, extra random text, and misspelled tournament branding."
"Spain","罗德里","RODRI","16","MF","Epic","P1","public/cards/spain/rodri.png","Create one complete vertical 2:3 AI-generated 2026 World Cup football collectible card for RODRI / 罗德里. National team: Spain. Jersey: Spain red home jersey with yellow-gold trim and dark blue accents. Shirt number: #16. Position: MF. Portrait direction: create an original footballer portrait with a similar playing-role energy and public vibe to RODRI, but do not request or imply an exact likeness, identity-copy, or real photo replication. Rarity: Epic. Visual strength: 80% luxury. Design language: purple-gold and national-team energy card, star-player poster feeling, strong but controlled glow, premium gem-like border. Country palette: red, yellow-gold, dark blue. Use the unified card system inspired by the local Epic template reference (assets/card_templates/sample-epic-bruno.png): Layer 1 background and border, Layer 2 player portrait, Layer 3 UI information; keep the face and upper body clear. Visible card text only: ""罗德里"", ""RODRI"", ""Spain"", ""#16"", ""MF"", ""Epic"", ""2026 World Cup"", ""CAN / MEX / USA 2026"". Output filename: rodri.png. Intended path: public/cards/spain/rodri.png. Strictly avoid UEFA EURO, EURO 2024, Qatar 2022, 2022 World Cup, ability values, attack/defense/speed attributes, FUT-style attribute panels, titles, codenames, slogans, short descriptive copy, club logos, sponsor logos, watermarks, extra random text, and misspelled tournament branding."
"Spain","尼科·威廉姆斯","WILLIAMS Nico","17","FW","Epic","P1","public/cards/spain/williams-nico.png","Create one complete vertical 2:3 AI-generated 2026 World Cup football collectible card for WILLIAMS Nico / 尼科·威廉姆斯. National team: Spain. Jersey: Spain red home jersey with yellow-gold trim and dark blue accents. Shirt number: #17. Position: FW. Portrait direction: create an original footballer portrait with a similar playing-role energy and public vibe to WILLIAMS Nico, but do not request or imply an exact likeness, identity-copy, or real photo replication. Rarity: Epic. Visual strength: 80% luxury. Design language: purple-gold and national-team energy card, star-player poster feeling, strong but controlled glow, premium gem-like border. Country palette: red, yellow-gold, dark blue. Use the unified card system inspired by the local Epic template reference (assets/card_templates/sample-epic-bruno.png): Layer 1 background and border, Layer 2 player portrait, Layer 3 UI information; keep the face and upper body clear. Visible card text only: ""尼科·威廉姆斯"", ""WILLIAMS Nico"", ""Spain"", ""#17"", ""FW"", ""Epic"", ""2026 World Cup"", ""CAN / MEX / USA 2026"". Output filename: williams-nico.png. Intended path: public/cards/spain/williams-nico.png. Strictly avoid UEFA EURO, EURO 2024, Qatar 2022, 2022 World Cup, ability values, attack/defense/speed attributes, FUT-style attribute panels, titles, codenames, slogans, short descriptive copy, club logos, sponsor logos, watermarks, extra random text, and misspelled tournament branding."
"Spain","马丁·祖比门迪","ZUBIMENDI Martin","18","MF","Common","P3","public/cards/spain/zubimendi-martin.png","Create one complete vertical 2:3 AI-generated 2026 World Cup football collectible card for ZUBIMENDI Martin / 马丁·祖比门迪. National team: Spain. Jersey: Spain red home jersey with yellow-gold trim and dark blue accents. Shirt number: #18. Position: MF. Portrait direction: create an original footballer portrait with a similar playing-role energy and public vibe to ZUBIMENDI Martin, but do not request or imply an exact likeness, identity-copy, or real photo replication. Rarity: Common. Visual strength: 40% luxury. Design language: white-silver clean World Cup collectible card, simple but still premium, clear player portrait, minimal glow. Country palette: red, yellow-gold, dark blue. Use the unified card system inspired by the local Common template reference (assets/card_templates/sample-common-nelson-semedo.png): Layer 1 background and border, Layer 2 player portrait, Layer 3 UI information; keep the face and upper body clear. Visible card text only: ""马丁·祖比门迪"", ""ZUBIMENDI Martin"", ""Spain"", ""#18"", ""MF"", ""Common"", ""2026 World Cup"", ""CAN / MEX / USA 2026"". Output filename: zubimendi-martin.png. Intended path: public/cards/spain/zubimendi-martin.png. Strictly avoid UEFA EURO, EURO 2024, Qatar 2022, 2022 World Cup, ability values, attack/defense/speed attributes, FUT-style attribute panels, titles, codenames, slogans, short descriptive copy, club logos, sponsor logos, watermarks, extra random text, and misspelled tournament branding."
"Spain","拉明·亚马尔","YAMAL Lamine","19","FW","Legend","P1","public/cards/spain/yamal-lamine.png","Create one complete vertical 2:3 AI-generated 2026 World Cup football collectible card for YAMAL Lamine / 拉明·亚马尔. National team: Spain. Jersey: Spain red home jersey with yellow-gold trim and dark blue accents. Shirt number: #19. Position: FW. Portrait direction: create an original footballer portrait with a similar playing-role energy and public vibe to YAMAL Lamine, but do not request or imply an exact likeness, identity-copy, or real photo replication. Rarity: Legend. Visual strength: 100% luxury. Design language: black-and-gold cinematic national glory card, ornate premium border, strongest golden light, highest rarity, dramatic stadium atmosphere. Country palette: red, yellow-gold, dark blue. Use the unified card system inspired by the local Legend template reference (assets/card_templates/sample-legend-ronaldo.png): Layer 1 background and border, Layer 2 player portrait, Layer 3 UI information; keep the face and upper body clear. Visible card text only: ""拉明·亚马尔"", ""YAMAL Lamine"", ""Spain"", ""#19"", ""FW"", ""Legend"", ""2026 World Cup"", ""CAN / MEX / USA 2026"". Output filename: yamal-lamine.png. Intended path: public/cards/spain/yamal-lamine.png. Strictly avoid UEFA EURO, EURO 2024, Qatar 2022, 2022 World Cup, ability values, attack/defense/speed attributes, FUT-style attribute panels, titles, codenames, slogans, short descriptive copy, club logos, sponsor logos, watermarks, extra random text, and misspelled tournament branding."
"Spain","佩德里","PEDRI","20","MF","Epic","P1","public/cards/spain/pedri.png","Create one complete vertical 2:3 AI-generated 2026 World Cup football collectible card for PEDRI / 佩德里. National team: Spain. Jersey: Spain red home jersey with yellow-gold trim and dark blue accents. Shirt number: #20. Position: MF. Portrait direction: create an original footballer portrait with a similar playing-role energy and public vibe to PEDRI, but do not request or imply an exact likeness, identity-copy, or real photo replication. Rarity: Epic. Visual strength: 80% luxury. Design language: purple-gold and national-team energy card, star-player poster feeling, strong but controlled glow, premium gem-like border. Country palette: red, yellow-gold, dark blue. Use the unified card system inspired by the local Epic template reference (assets/card_templates/sample-epic-bruno.png): Layer 1 background and border, Layer 2 player portrait, Layer 3 UI information; keep the face and upper body clear. Visible card text only: ""佩德里"", ""PEDRI"", ""Spain"", ""#20"", ""MF"", ""Epic"", ""2026 World Cup"", ""CAN / MEX / USA 2026"". Output filename: pedri.png. Intended path: public/cards/spain/pedri.png. Strictly avoid UEFA EURO, EURO 2024, Qatar 2022, 2022 World Cup, ability values, attack/defense/speed attributes, FUT-style attribute panels, titles, codenames, slogans, short descriptive copy, club logos, sponsor logos, watermarks, extra random text, and misspelled tournament branding."
"Spain","米克尔·奥亚萨瓦尔","OYARZABAL Mikel","21","FW","Common","P3","public/cards/spain/oyarzabal-mikel.png","Create one complete vertical 2:3 AI-generated 2026 World Cup football collectible card for OYARZABAL Mikel / 米克尔·奥亚萨瓦尔. National team: Spain. Jersey: Spain red home jersey with yellow-gold trim and dark blue accents. Shirt number: #21. Position: FW. Portrait direction: create an original footballer portrait with a similar playing-role energy and public vibe to OYARZABAL Mikel, but do not request or imply an exact likeness, identity-copy, or real photo replication. Rarity: Common. Visual strength: 40% luxury. Design language: white-silver clean World Cup collectible card, simple but still premium, clear player portrait, minimal glow. Country palette: red, yellow-gold, dark blue. Use the unified card system inspired by the local Common template reference (assets/card_templates/sample-common-nelson-semedo.png): Layer 1 background and border, Layer 2 player portrait, Layer 3 UI information; keep the face and upper body clear. Visible card text only: ""米克尔·奥亚萨瓦尔"", ""OYARZABAL Mikel"", ""Spain"", ""#21"", ""FW"", ""Common"", ""2026 World Cup"", ""CAN / MEX / USA 2026"". Output filename: oyarzabal-mikel.png. Intended path: public/cards/spain/oyarzabal-mikel.png. Strictly avoid UEFA EURO, EURO 2024, Qatar 2022, 2022 World Cup, ability values, attack/defense/speed attributes, FUT-style attribute panels, titles, codenames, slogans, short descriptive copy, club logos, sponsor logos, watermarks, extra random text, and misspelled tournament branding."
"Spain","保罗·库巴西","CUBARSI Pau","22","DF","Common","P3","public/cards/spain/cubarsi-pau.png","Create one complete vertical 2:3 AI-generated 2026 World Cup football collectible card for CUBARSI Pau / 保罗·库巴西. National team: Spain. Jersey: Spain red home jersey with yellow-gold trim and dark blue accents. Shirt number: #22. Position: DF. Portrait direction: create an original footballer portrait with a similar playing-role energy and public vibe to CUBARSI Pau, but do not request or imply an exact likeness, identity-copy, or real photo replication. Rarity: Common. Visual strength: 40% luxury. Design language: white-silver clean World Cup collectible card, simple but still premium, clear player portrait, minimal glow. Country palette: red, yellow-gold, dark blue. Use the unified card system inspired by the local Common template reference (assets/card_templates/sample-common-nelson-semedo.png): Layer 1 background and border, Layer 2 player portrait, Layer 3 UI information; keep the face and upper body clear. Visible card text only: ""保罗·库巴西"", ""CUBARSI Pau"", ""Spain"", ""#22"", ""DF"", ""Common"", ""2026 World Cup"", ""CAN / MEX / USA 2026"". Output filename: cubarsi-pau.png. Intended path: public/cards/spain/cubarsi-pau.png. Strictly avoid UEFA EURO, EURO 2024, Qatar 2022, 2022 World Cup, ability values, attack/defense/speed attributes, FUT-style attribute panels, titles, codenames, slogans, short descriptive copy, club logos, sponsor logos, watermarks, extra random text, and misspelled tournament branding."
"Spain","乌奈·西蒙","SIMON Unai","23","GK","Rare","P2","public/cards/spain/simon-unai.png","Create one complete vertical 2:3 AI-generated 2026 World Cup football collectible card for SIMON Unai / 乌奈·西蒙. National team: Spain. Jersey: Spain red home jersey with yellow-gold trim and dark blue accents. Shirt number: #23. Position: GK. Portrait direction: create an original footballer portrait with a similar playing-role energy and public vibe to SIMON Unai, but do not request or imply an exact likeness, identity-copy, or real photo replication. Rarity: Rare. Visual strength: 60% luxury. Design language: blue-silver formal World Cup collectible card, clean premium border, clear player portrait, reduced light effects. Country palette: red, yellow-gold, dark blue. Use the unified card system inspired by the local Rare template reference (assets/card_templates/sample-rare-diogo-costa.png): Layer 1 background and border, Layer 2 player portrait, Layer 3 UI information; keep the face and upper body clear. Visible card text only: ""乌奈·西蒙"", ""SIMON Unai"", ""Spain"", ""#23"", ""GK"", ""Rare"", ""2026 World Cup"", ""CAN / MEX / USA 2026"". Output filename: simon-unai.png. Intended path: public/cards/spain/simon-unai.png. Strictly avoid UEFA EURO, EURO 2024, Qatar 2022, 2022 World Cup, ability values, attack/defense/speed attributes, FUT-style attribute panels, titles, codenames, slogans, short descriptive copy, club logos, sponsor logos, watermarks, extra random text, and misspelled tournament branding."
"Spain","马克·库库雷利亚","CUCURELLA Marc","24","DF","Rare","P2","public/cards/spain/cucurella-marc.png","Create one complete vertical 2:3 AI-generated 2026 World Cup football collectible card for CUCURELLA Marc / 马克·库库雷利亚. National team: Spain. Jersey: Spain red home jersey with yellow-gold trim and dark blue accents. Shirt number: #24. Position: DF. Portrait direction: create an original footballer portrait with a similar playing-role energy and public vibe to CUCURELLA Marc, but do not request or imply an exact likeness, identity-copy, or real photo replication. Rarity: Rare. Visual strength: 60% luxury. Design language: blue-silver formal World Cup collectible card, clean premium border, clear player portrait, reduced light effects. Country palette: red, yellow-gold, dark blue. Use the unified card system inspired by the local Rare template reference (assets/card_templates/sample-rare-diogo-costa.png): Layer 1 background and border, Layer 2 player portrait, Layer 3 UI information; keep the face and upper body clear. Visible card text only: ""马克·库库雷利亚"", ""CUCURELLA Marc"", ""Spain"", ""#24"", ""DF"", ""Rare"", ""2026 World Cup"", ""CAN / MEX / USA 2026"". Output filename: cucurella-marc.png. Intended path: public/cards/spain/cucurella-marc.png. Strictly avoid UEFA EURO, EURO 2024, Qatar 2022, 2022 World Cup, ability values, attack/defense/speed attributes, FUT-style attribute panels, titles, codenames, slogans, short descriptive copy, club logos, sponsor logos, watermarks, extra random text, and misspelled tournament branding."
"Spain","维克托·穆尼奥斯","MUNOZ Victor","25","FW","Common","P3","public/cards/spain/munoz-victor.png","Create one complete vertical 2:3 AI-generated 2026 World Cup football collectible card for MUNOZ Victor / 维克托·穆尼奥斯. National team: Spain. Jersey: Spain red home jersey with yellow-gold trim and dark blue accents. Shirt number: #25. Position: FW. Portrait direction: create an original footballer portrait with a similar playing-role energy and public vibe to MUNOZ Victor, but do not request or imply an exact likeness, identity-copy, or real photo replication. Rarity: Common. Visual strength: 40% luxury. Design language: white-silver clean World Cup collectible card, simple but still premium, clear player portrait, minimal glow. Country palette: red, yellow-gold, dark blue. Use the unified card system inspired by the local Common template reference (assets/card_templates/sample-common-nelson-semedo.png): Layer 1 background and border, Layer 2 player portrait, Layer 3 UI information; keep the face and upper body clear. Visible card text only: ""维克托·穆尼奥斯"", ""MUNOZ Victor"", ""Spain"", ""#25"", ""FW"", ""Common"", ""2026 World Cup"", ""CAN / MEX / USA 2026"". Output filename: munoz-victor.png. Intended path: public/cards/spain/munoz-victor.png. Strictly avoid UEFA EURO, EURO 2024, Qatar 2022, 2022 World Cup, ability values, attack/defense/speed attributes, FUT-style attribute panels, titles, codenames, slogans, short descriptive copy, club logos, sponsor logos, watermarks, extra random text, and misspelled tournament branding."
"Spain","博尔哈·伊格莱西亚斯","IGLESIAS Borja","26","FW","Common","P3","public/cards/spain/iglesias-borja.png","Create one complete vertical 2:3 AI-generated 2026 World Cup football collectible card for IGLESIAS Borja / 博尔哈·伊格莱西亚斯. National team: Spain. Jersey: Spain red home jersey with yellow-gold trim and dark blue accents. Shirt number: #26. Position: FW. Portrait direction: create an original footballer portrait with a similar playing-role energy and public vibe to IGLESIAS Borja, but do not request or imply an exact likeness, identity-copy, or real photo replication. Rarity: Common. Visual strength: 40% luxury. Design language: white-silver clean World Cup collectible card, simple but still premium, clear player portrait, minimal glow. Country palette: red, yellow-gold, dark blue. Use the unified card system inspired by the local Common template reference (assets/card_templates/sample-common-nelson-semedo.png): Layer 1 background and border, Layer 2 player portrait, Layer 3 UI information; keep the face and upper body clear. Visible card text only: ""博尔哈·伊格莱西亚斯"", ""IGLESIAS Borja"", ""Spain"", ""#26"", ""FW"", ""Common"", ""2026 World Cup"", ""CAN / MEX / USA 2026"". Output filename: iglesias-borja.png. Intended path: public/cards/spain/iglesias-borja.png. Strictly avoid UEFA EURO, EURO 2024, Qatar 2022, 2022 World Cup, ability values, attack/defense/speed attributes, FUT-style attribute panels, titles, codenames, slogans, short descriptive copy, club logos, sponsor logos, watermarks, extra random text, and misspelled tournament branding."
"Argentina","胡安·穆索","MUSSO Juan","1","GK","Common","P3","public/cards/argentina/musso-juan.png","Create one complete vertical 2:3 AI-generated 2026 World Cup football collectible card for MUSSO Juan / 胡安·穆索. National team: Argentina. Jersey: Argentina sky-blue and white striped home jersey with gold detailing. Shirt number: #1. Position: GK. Portrait direction: create an original footballer portrait with a similar playing-role energy and public vibe to MUSSO Juan, but do not request or imply an exact likeness, identity-copy, or real photo replication. Rarity: Common. Visual strength: 40% luxury. Design language: white-silver clean World Cup collectible card, simple but still premium, clear player portrait, minimal glow. Country palette: sky blue, white, gold, deep navy. Use the unified card system inspired by the local Common template reference (assets/card_templates/sample-common-nelson-semedo.png): Layer 1 background and border, Layer 2 player portrait, Layer 3 UI information; keep the face and upper body clear. Visible card text only: ""胡安·穆索"", ""MUSSO Juan"", ""Argentina"", ""#1"", ""GK"", ""Common"", ""2026 World Cup"", ""CAN / MEX / USA 2026"". Output filename: musso-juan.png. Intended path: public/cards/argentina/musso-juan.png. Strictly avoid UEFA EURO, EURO 2024, Qatar 2022, 2022 World Cup, ability values, attack/defense/speed attributes, FUT-style attribute panels, titles, codenames, slogans, short descriptive copy, club logos, sponsor logos, watermarks, extra random text, and misspelled tournament branding."
"Argentina","马科斯·塞内西","SENESI Marcos","2","DF","Common","P3","public/cards/argentina/senesi-marcos.png","Create one complete vertical 2:3 AI-generated 2026 World Cup football collectible card for SENESI Marcos / 马科斯·塞内西. National team: Argentina. Jersey: Argentina sky-blue and white striped home jersey with gold detailing. Shirt number: #2. Position: DF. Portrait direction: create an original footballer portrait with a similar playing-role energy and public vibe to SENESI Marcos, but do not request or imply an exact likeness, identity-copy, or real photo replication. Rarity: Common. Visual strength: 40% luxury. Design language: white-silver clean World Cup collectible card, simple but still premium, clear player portrait, minimal glow. Country palette: sky blue, white, gold, deep navy. Use the unified card system inspired by the local Common template reference (assets/card_templates/sample-common-nelson-semedo.png): Layer 1 background and border, Layer 2 player portrait, Layer 3 UI information; keep the face and upper body clear. Visible card text only: ""马科斯·塞内西"", ""SENESI Marcos"", ""Argentina"", ""#2"", ""DF"", ""Common"", ""2026 World Cup"", ""CAN / MEX / USA 2026"". Output filename: senesi-marcos.png. Intended path: public/cards/argentina/senesi-marcos.png. Strictly avoid UEFA EURO, EURO 2024, Qatar 2022, 2022 World Cup, ability values, attack/defense/speed attributes, FUT-style attribute panels, titles, codenames, slogans, short descriptive copy, club logos, sponsor logos, watermarks, extra random text, and misspelled tournament branding."
"Argentina","尼古拉斯·塔利亚菲科","TAGLIAFICO Nicolas","3","DF","Common","P3","public/cards/argentina/tagliafico-nicolas.png","Create one complete vertical 2:3 AI-generated 2026 World Cup football collectible card for TAGLIAFICO Nicolas / 尼古拉斯·塔利亚菲科. National team: Argentina. Jersey: Argentina sky-blue and white striped home jersey with gold detailing. Shirt number: #3. Position: DF. Portrait direction: create an original footballer portrait with a similar playing-role energy and public vibe to TAGLIAFICO Nicolas, but do not request or imply an exact likeness, identity-copy, or real photo replication. Rarity: Common. Visual strength: 40% luxury. Design language: white-silver clean World Cup collectible card, simple but still premium, clear player portrait, minimal glow. Country palette: sky blue, white, gold, deep navy. Use the unified card system inspired by the local Common template reference (assets/card_templates/sample-common-nelson-semedo.png): Layer 1 background and border, Layer 2 player portrait, Layer 3 UI information; keep the face and upper body clear. Visible card text only: ""尼古拉斯·塔利亚菲科"", ""TAGLIAFICO Nicolas"", ""Argentina"", ""#3"", ""DF"", ""Common"", ""2026 World Cup"", ""CAN / MEX / USA 2026"". Output filename: tagliafico-nicolas.png. Intended path: public/cards/argentina/tagliafico-nicolas.png. Strictly avoid UEFA EURO, EURO 2024, Qatar 2022, 2022 World Cup, ability values, attack/defense/speed attributes, FUT-style attribute panels, titles, codenames, slogans, short descriptive copy, club logos, sponsor logos, watermarks, extra random text, and misspelled tournament branding."
"Argentina","贡萨洛·蒙铁尔","MONTIEL Gonzalo","4","DF","Common","P3","public/cards/argentina/montiel-gonzalo.png","Create one complete vertical 2:3 AI-generated 2026 World Cup football collectible card for MONTIEL Gonzalo / 贡萨洛·蒙铁尔. National team: Argentina. Jersey: Argentina sky-blue and white striped home jersey with gold detailing. Shirt number: #4. Position: DF. Portrait direction: create an original footballer portrait with a similar playing-role energy and public vibe to MONTIEL Gonzalo, but do not request or imply an exact likeness, identity-copy, or real photo replication. Rarity: Common. Visual strength: 40% luxury. Design language: white-silver clean World Cup collectible card, simple but still premium, clear player portrait, minimal glow. Country palette: sky blue, white, gold, deep navy. Use the unified card system inspired by the local Common template reference (assets/card_templates/sample-common-nelson-semedo.png): Layer 1 background and border, Layer 2 player portrait, Layer 3 UI information; keep the face and upper body clear. Visible card text only: ""贡萨洛·蒙铁尔"", ""MONTIEL Gonzalo"", ""Argentina"", ""#4"", ""DF"", ""Common"", ""2026 World Cup"", ""CAN / MEX / USA 2026"". Output filename: montiel-gonzalo.png. Intended path: public/cards/argentina/montiel-gonzalo.png. Strictly avoid UEFA EURO, EURO 2024, Qatar 2022, 2022 World Cup, ability values, attack/defense/speed attributes, FUT-style attribute panels, titles, codenames, slogans, short descriptive copy, club logos, sponsor logos, watermarks, extra random text, and misspelled tournament branding."
"Argentina","莱安德罗·帕雷德斯","PAREDES Leandro","5","MF","Common","P3","public/cards/argentina/paredes-leandro.png","Create one complete vertical 2:3 AI-generated 2026 World Cup football collectible card for PAREDES Leandro / 莱安德罗·帕雷德斯. National team: Argentina. Jersey: Argentina sky-blue and white striped home jersey with gold detailing. Shirt number: #5. Position: MF. Portrait direction: create an original footballer portrait with a similar playing-role energy and public vibe to PAREDES Leandro, but do not request or imply an exact likeness, identity-copy, or real photo replication. Rarity: Common. Visual strength: 40% luxury. Design language: white-silver clean World Cup collectible card, simple but still premium, clear player portrait, minimal glow. Country palette: sky blue, white, gold, deep navy. Use the unified card system inspired by the local Common template reference (assets/card_templates/sample-common-nelson-semedo.png): Layer 1 background and border, Layer 2 player portrait, Layer 3 UI information; keep the face and upper body clear. Visible card text only: ""莱安德罗·帕雷德斯"", ""PAREDES Leandro"", ""Argentina"", ""#5"", ""MF"", ""Common"", ""2026 World Cup"", ""CAN / MEX / USA 2026"". Output filename: paredes-leandro.png. Intended path: public/cards/argentina/paredes-leandro.png. Strictly avoid UEFA EURO, EURO 2024, Qatar 2022, 2022 World Cup, ability values, attack/defense/speed attributes, FUT-style attribute panels, titles, codenames, slogans, short descriptive copy, club logos, sponsor logos, watermarks, extra random text, and misspelled tournament branding."
"Argentina","利桑德罗·马丁内斯","MARTINEZ Lisandro","6","DF","Rare","P0","public/cards/argentina/martinez.png","Create one complete vertical 2:3 AI-generated 2026 World Cup football collectible card for MARTINEZ Lisandro / 利桑德罗·马丁内斯. National team: Argentina. Jersey: Argentina sky-blue and white striped home jersey with gold detailing. Shirt number: #6. Position: DF. Portrait direction: create an original footballer portrait with a similar playing-role energy and public vibe to MARTINEZ Lisandro, but do not request or imply an exact likeness, identity-copy, or real photo replication. Rarity: Rare. Visual strength: 60% luxury. Design language: blue-silver formal World Cup collectible card, clean premium border, clear player portrait, reduced light effects. Country palette: sky blue, white, gold, deep navy. Use the unified card system inspired by the local Rare template reference (assets/card_templates/sample-rare-diogo-costa.png): Layer 1 background and border, Layer 2 player portrait, Layer 3 UI information; keep the face and upper body clear. Visible card text only: ""利桑德罗·马丁内斯"", ""MARTINEZ Lisandro"", ""Argentina"", ""#6"", ""DF"", ""Rare"", ""2026 World Cup"", ""CAN / MEX / USA 2026"". Output filename: martinez.png. Intended path: public/cards/argentina/martinez.png. Strictly avoid UEFA EURO, EURO 2024, Qatar 2022, 2022 World Cup, ability values, attack/defense/speed attributes, FUT-style attribute panels, titles, codenames, slogans, short descriptive copy, club logos, sponsor logos, watermarks, extra random text, and misspelled tournament branding."
"Argentina","罗德里戈·德保罗","DE PAUL Rodrigo","7","MF","Rare","P2","public/cards/argentina/de-paul-rodrigo.png","Create one complete vertical 2:3 AI-generated 2026 World Cup football collectible card for DE PAUL Rodrigo / 罗德里戈·德保罗. National team: Argentina. Jersey: Argentina sky-blue and white striped home jersey with gold detailing. Shirt number: #7. Position: MF. Portrait direction: create an original footballer portrait with a similar playing-role energy and public vibe to DE PAUL Rodrigo, but do not request or imply an exact likeness, identity-copy, or real photo replication. Rarity: Rare. Visual strength: 60% luxury. Design language: blue-silver formal World Cup collectible card, clean premium border, clear player portrait, reduced light effects. Country palette: sky blue, white, gold, deep navy. Use the unified card system inspired by the local Rare template reference (assets/card_templates/sample-rare-diogo-costa.png): Layer 1 background and border, Layer 2 player portrait, Layer 3 UI information; keep the face and upper body clear. Visible card text only: ""罗德里戈·德保罗"", ""DE PAUL Rodrigo"", ""Argentina"", ""#7"", ""MF"", ""Rare"", ""2026 World Cup"", ""CAN / MEX / USA 2026"". Output filename: de-paul-rodrigo.png. Intended path: public/cards/argentina/de-paul-rodrigo.png. Strictly avoid UEFA EURO, EURO 2024, Qatar 2022, 2022 World Cup, ability values, attack/defense/speed attributes, FUT-style attribute panels, titles, codenames, slogans, short descriptive copy, club logos, sponsor logos, watermarks, extra random text, and misspelled tournament branding."
"Argentina","瓦伦廷·巴尔科","BARCO Valentin","8","MF","Common","P3","public/cards/argentina/barco-valentin.png","Create one complete vertical 2:3 AI-generated 2026 World Cup football collectible card for BARCO Valentin / 瓦伦廷·巴尔科. National team: Argentina. Jersey: Argentina sky-blue and white striped home jersey with gold detailing. Shirt number: #8. Position: MF. Portrait direction: create an original footballer portrait with a similar playing-role energy and public vibe to BARCO Valentin, but do not request or imply an exact likeness, identity-copy, or real photo replication. Rarity: Common. Visual strength: 40% luxury. Design language: white-silver clean World Cup collectible card, simple but still premium, clear player portrait, minimal glow. Country palette: sky blue, white, gold, deep navy. Use the unified card system inspired by the local Common template reference (assets/card_templates/sample-common-nelson-semedo.png): Layer 1 background and border, Layer 2 player portrait, Layer 3 UI information; keep the face and upper body clear. Visible card text only: ""瓦伦廷·巴尔科"", ""BARCO Valentin"", ""Argentina"", ""#8"", ""MF"", ""Common"", ""2026 World Cup"", ""CAN / MEX / USA 2026"". Output filename: barco-valentin.png. Intended path: public/cards/argentina/barco-valentin.png. Strictly avoid UEFA EURO, EURO 2024, Qatar 2022, 2022 World Cup, ability values, attack/defense/speed attributes, FUT-style attribute panels, titles, codenames, slogans, short descriptive copy, club logos, sponsor logos, watermarks, extra random text, and misspelled tournament branding."
"Argentina","胡利安·阿尔瓦雷斯","ALVAREZ Julian","9","FW","Epic","P0","public/cards/argentina/alvarez.png","Create one complete vertical 2:3 AI-generated 2026 World Cup football collectible card for ALVAREZ Julian / 胡利安·阿尔瓦雷斯. National team: Argentina. Jersey: Argentina sky-blue and white striped home jersey with gold detailing. Shirt number: #9. Position: FW. Portrait direction: create an original footballer portrait with a similar playing-role energy and public vibe to ALVAREZ Julian, but do not request or imply an exact likeness, identity-copy, or real photo replication. Rarity: Epic. Visual strength: 80% luxury. Design language: purple-gold and national-team energy card, star-player poster feeling, strong but controlled glow, premium gem-like border. Country palette: sky blue, white, gold, deep navy. Use the unified card system inspired by the local Epic template reference (assets/card_templates/sample-epic-bruno.png): Layer 1 background and border, Layer 2 player portrait, Layer 3 UI information; keep the face and upper body clear. Visible card text only: ""胡利安·阿尔瓦雷斯"", ""ALVAREZ Julian"", ""Argentina"", ""#9"", ""FW"", ""Epic"", ""2026 World Cup"", ""CAN / MEX / USA 2026"". Output filename: alvarez.png. Intended path: public/cards/argentina/alvarez.png. Strictly avoid UEFA EURO, EURO 2024, Qatar 2022, 2022 World Cup, ability values, attack/defense/speed attributes, FUT-style attribute panels, titles, codenames, slogans, short descriptive copy, club logos, sponsor logos, watermarks, extra random text, and misspelled tournament branding."
"Argentina","莱昂内尔·梅西","MESSI Lionel","10","FW","Legend","P1","public/cards/argentina/messi-lionel.png","Create one complete vertical 2:3 AI-generated 2026 World Cup football collectible card for MESSI Lionel / 莱昂内尔·梅西. National team: Argentina. Jersey: Argentina sky-blue and white striped home jersey with gold detailing. Shirt number: #10. Position: FW. Portrait direction: create an original footballer portrait with a similar playing-role energy and public vibe to MESSI Lionel, but do not request or imply an exact likeness, identity-copy, or real photo replication. Rarity: Legend. Visual strength: 100% luxury. Design language: black-and-gold cinematic national glory card, ornate premium border, strongest golden light, highest rarity, dramatic stadium atmosphere. Country palette: sky blue, white, gold, deep navy. Use the unified card system inspired by the local Legend template reference (assets/card_templates/sample-legend-ronaldo.png): Layer 1 background and border, Layer 2 player portrait, Layer 3 UI information; keep the face and upper body clear. Visible card text only: ""莱昂内尔·梅西"", ""MESSI Lionel"", ""Argentina"", ""#10"", ""FW"", ""Legend"", ""2026 World Cup"", ""CAN / MEX / USA 2026"". Output filename: messi-lionel.png. Intended path: public/cards/argentina/messi-lionel.png. Strictly avoid UEFA EURO, EURO 2024, Qatar 2022, 2022 World Cup, ability values, attack/defense/speed attributes, FUT-style attribute panels, titles, codenames, slogans, short descriptive copy, club logos, sponsor logos, watermarks, extra random text, and misspelled tournament branding."
"Argentina","吉奥瓦尼·洛塞尔索","LO CELSO Giovani","11","MF","Common","P3","public/cards/argentina/lo-celso-giovani.png","Create one complete vertical 2:3 AI-generated 2026 World Cup football collectible card for LO CELSO Giovani / 吉奥瓦尼·洛塞尔索. National team: Argentina. Jersey: Argentina sky-blue and white striped home jersey with gold detailing. Shirt number: #11. Position: MF. Portrait direction: create an original footballer portrait with a similar playing-role energy and public vibe to LO CELSO Giovani, but do not request or imply an exact likeness, identity-copy, or real photo replication. Rarity: Common. Visual strength: 40% luxury. Design language: white-silver clean World Cup collectible card, simple but still premium, clear player portrait, minimal glow. Country palette: sky blue, white, gold, deep navy. Use the unified card system inspired by the local Common template reference (assets/card_templates/sample-common-nelson-semedo.png): Layer 1 background and border, Layer 2 player portrait, Layer 3 UI information; keep the face and upper body clear. Visible card text only: ""吉奥瓦尼·洛塞尔索"", ""LO CELSO Giovani"", ""Argentina"", ""#11"", ""MF"", ""Common"", ""2026 World Cup"", ""CAN / MEX / USA 2026"". Output filename: lo-celso-giovani.png. Intended path: public/cards/argentina/lo-celso-giovani.png. Strictly avoid UEFA EURO, EURO 2024, Qatar 2022, 2022 World Cup, ability values, attack/defense/speed attributes, FUT-style attribute panels, titles, codenames, slogans, short descriptive copy, club logos, sponsor logos, watermarks, extra random text, and misspelled tournament branding."
"Argentina","赫罗尼莫·鲁利","RULLI Geronimo","12","GK","Common","P3","public/cards/argentina/rulli-geronimo.png","Create one complete vertical 2:3 AI-generated 2026 World Cup football collectible card for RULLI Geronimo / 赫罗尼莫·鲁利. National team: Argentina. Jersey: Argentina sky-blue and white striped home jersey with gold detailing. Shirt number: #12. Position: GK. Portrait direction: create an original footballer portrait with a similar playing-role energy and public vibe to RULLI Geronimo, but do not request or imply an exact likeness, identity-copy, or real photo replication. Rarity: Common. Visual strength: 40% luxury. Design language: white-silver clean World Cup collectible card, simple but still premium, clear player portrait, minimal glow. Country palette: sky blue, white, gold, deep navy. Use the unified card system inspired by the local Common template reference (assets/card_templates/sample-common-nelson-semedo.png): Layer 1 background and border, Layer 2 player portrait, Layer 3 UI information; keep the face and upper body clear. Visible card text only: ""赫罗尼莫·鲁利"", ""RULLI Geronimo"", ""Argentina"", ""#12"", ""GK"", ""Common"", ""2026 World Cup"", ""CAN / MEX / USA 2026"". Output filename: rulli-geronimo.png. Intended path: public/cards/argentina/rulli-geronimo.png. Strictly avoid UEFA EURO, EURO 2024, Qatar 2022, 2022 World Cup, ability values, attack/defense/speed attributes, FUT-style attribute panels, titles, codenames, slogans, short descriptive copy, club logos, sponsor logos, watermarks, extra random text, and misspelled tournament branding."
"Argentina","克里斯蒂安·罗梅罗","ROMERO Cristian","13","DF","Rare","P2","public/cards/argentina/romero-cristian.png","Create one complete vertical 2:3 AI-generated 2026 World Cup football collectible card for ROMERO Cristian / 克里斯蒂安·罗梅罗. National team: Argentina. Jersey: Argentina sky-blue and white striped home jersey with gold detailing. Shirt number: #13. Position: DF. Portrait direction: create an original footballer portrait with a similar playing-role energy and public vibe to ROMERO Cristian, but do not request or imply an exact likeness, identity-copy, or real photo replication. Rarity: Rare. Visual strength: 60% luxury. Design language: blue-silver formal World Cup collectible card, clean premium border, clear player portrait, reduced light effects. Country palette: sky blue, white, gold, deep navy. Use the unified card system inspired by the local Rare template reference (assets/card_templates/sample-rare-diogo-costa.png): Layer 1 background and border, Layer 2 player portrait, Layer 3 UI information; keep the face and upper body clear. Visible card text only: ""克里斯蒂安·罗梅罗"", ""ROMERO Cristian"", ""Argentina"", ""#13"", ""DF"", ""Rare"", ""2026 World Cup"", ""CAN / MEX / USA 2026"". Output filename: romero-cristian.png. Intended path: public/cards/argentina/romero-cristian.png. Strictly avoid UEFA EURO, EURO 2024, Qatar 2022, 2022 World Cup, ability values, attack/defense/speed attributes, FUT-style attribute panels, titles, codenames, slogans, short descriptive copy, club logos, sponsor logos, watermarks, extra random text, and misspelled tournament branding."
"Argentina","埃塞基耶尔·帕拉西奥斯","PALACIOS Exequiel","14","MF","Common","P3","public/cards/argentina/palacios-exequiel.png","Create one complete vertical 2:3 AI-generated 2026 World Cup football collectible card for PALACIOS Exequiel / 埃塞基耶尔·帕拉西奥斯. National team: Argentina. Jersey: Argentina sky-blue and white striped home jersey with gold detailing. Shirt number: #14. Position: MF. Portrait direction: create an original footballer portrait with a similar playing-role energy and public vibe to PALACIOS Exequiel, but do not request or imply an exact likeness, identity-copy, or real photo replication. Rarity: Common. Visual strength: 40% luxury. Design language: white-silver clean World Cup collectible card, simple but still premium, clear player portrait, minimal glow. Country palette: sky blue, white, gold, deep navy. Use the unified card system inspired by the local Common template reference (assets/card_templates/sample-common-nelson-semedo.png): Layer 1 background and border, Layer 2 player portrait, Layer 3 UI information; keep the face and upper body clear. Visible card text only: ""埃塞基耶尔·帕拉西奥斯"", ""PALACIOS Exequiel"", ""Argentina"", ""#14"", ""MF"", ""Common"", ""2026 World Cup"", ""CAN / MEX / USA 2026"". Output filename: palacios-exequiel.png. Intended path: public/cards/argentina/palacios-exequiel.png. Strictly avoid UEFA EURO, EURO 2024, Qatar 2022, 2022 World Cup, ability values, attack/defense/speed attributes, FUT-style attribute panels, titles, codenames, slogans, short descriptive copy, club logos, sponsor logos, watermarks, extra random text, and misspelled tournament branding."
"Argentina","尼科·冈萨雷斯","GONZALEZ Nico","15","MF","Common","P3","public/cards/argentina/gonzalez-nico.png","Create one complete vertical 2:3 AI-generated 2026 World Cup football collectible card for GONZALEZ Nico / 尼科·冈萨雷斯. National team: Argentina. Jersey: Argentina sky-blue and white striped home jersey with gold detailing. Shirt number: #15. Position: MF. Portrait direction: create an original footballer portrait with a similar playing-role energy and public vibe to GONZALEZ Nico, but do not request or imply an exact likeness, identity-copy, or real photo replication. Rarity: Common. Visual strength: 40% luxury. Design language: white-silver clean World Cup collectible card, simple but still premium, clear player portrait, minimal glow. Country palette: sky blue, white, gold, deep navy. Use the unified card system inspired by the local Common template reference (assets/card_templates/sample-common-nelson-semedo.png): Layer 1 background and border, Layer 2 player portrait, Layer 3 UI information; keep the face and upper body clear. Visible card text only: ""尼科·冈萨雷斯"", ""GONZALEZ Nico"", ""Argentina"", ""#15"", ""MF"", ""Common"", ""2026 World Cup"", ""CAN / MEX / USA 2026"". Output filename: gonzalez-nico.png. Intended path: public/cards/argentina/gonzalez-nico.png. Strictly avoid UEFA EURO, EURO 2024, Qatar 2022, 2022 World Cup, ability values, attack/defense/speed attributes, FUT-style attribute panels, titles, codenames, slogans, short descriptive copy, club logos, sponsor logos, watermarks, extra random text, and misspelled tournament branding."
"Argentina","蒂亚戈·阿尔马达","ALMADA Thiago","16","FW","Common","P3","public/cards/argentina/almada-thiago.png","Create one complete vertical 2:3 AI-generated 2026 World Cup football collectible card for ALMADA Thiago / 蒂亚戈·阿尔马达. National team: Argentina. Jersey: Argentina sky-blue and white striped home jersey with gold detailing. Shirt number: #16. Position: FW. Portrait direction: create an original footballer portrait with a similar playing-role energy and public vibe to ALMADA Thiago, but do not request or imply an exact likeness, identity-copy, or real photo replication. Rarity: Common. Visual strength: 40% luxury. Design language: white-silver clean World Cup collectible card, simple but still premium, clear player portrait, minimal glow. Country palette: sky blue, white, gold, deep navy. Use the unified card system inspired by the local Common template reference (assets/card_templates/sample-common-nelson-semedo.png): Layer 1 background and border, Layer 2 player portrait, Layer 3 UI information; keep the face and upper body clear. Visible card text only: ""蒂亚戈·阿尔马达"", ""ALMADA Thiago"", ""Argentina"", ""#16"", ""FW"", ""Common"", ""2026 World Cup"", ""CAN / MEX / USA 2026"". Output filename: almada-thiago.png. Intended path: public/cards/argentina/almada-thiago.png. Strictly avoid UEFA EURO, EURO 2024, Qatar 2022, 2022 World Cup, ability values, attack/defense/speed attributes, FUT-style attribute panels, titles, codenames, slogans, short descriptive copy, club logos, sponsor logos, watermarks, extra random text, and misspelled tournament branding."
"Argentina","朱利亚诺·西蒙尼","SIMEONE Giuliano","17","FW","Common","P3","public/cards/argentina/simeone-giuliano.png","Create one complete vertical 2:3 AI-generated 2026 World Cup football collectible card for SIMEONE Giuliano / 朱利亚诺·西蒙尼. National team: Argentina. Jersey: Argentina sky-blue and white striped home jersey with gold detailing. Shirt number: #17. Position: FW. Portrait direction: create an original footballer portrait with a similar playing-role energy and public vibe to SIMEONE Giuliano, but do not request or imply an exact likeness, identity-copy, or real photo replication. Rarity: Common. Visual strength: 40% luxury. Design language: white-silver clean World Cup collectible card, simple but still premium, clear player portrait, minimal glow. Country palette: sky blue, white, gold, deep navy. Use the unified card system inspired by the local Common template reference (assets/card_templates/sample-common-nelson-semedo.png): Layer 1 background and border, Layer 2 player portrait, Layer 3 UI information; keep the face and upper body clear. Visible card text only: ""朱利亚诺·西蒙尼"", ""SIMEONE Giuliano"", ""Argentina"", ""#17"", ""FW"", ""Common"", ""2026 World Cup"", ""CAN / MEX / USA 2026"". Output filename: simeone-giuliano.png. Intended path: public/cards/argentina/simeone-giuliano.png. Strictly avoid UEFA EURO, EURO 2024, Qatar 2022, 2022 World Cup, ability values, attack/defense/speed attributes, FUT-style attribute panels, titles, codenames, slogans, short descriptive copy, club logos, sponsor logos, watermarks, extra random text, and misspelled tournament branding."
"Argentina","尼科·帕斯","PAZ Nico","18","FW","Common","P3","public/cards/argentina/paz-nico.png","Create one complete vertical 2:3 AI-generated 2026 World Cup football collectible card for PAZ Nico / 尼科·帕斯. National team: Argentina. Jersey: Argentina sky-blue and white striped home jersey with gold detailing. Shirt number: #18. Position: FW. Portrait direction: create an original footballer portrait with a similar playing-role energy and public vibe to PAZ Nico, but do not request or imply an exact likeness, identity-copy, or real photo replication. Rarity: Common. Visual strength: 40% luxury. Design language: white-silver clean World Cup collectible card, simple but still premium, clear player portrait, minimal glow. Country palette: sky blue, white, gold, deep navy. Use the unified card system inspired by the local Common template reference (assets/card_templates/sample-common-nelson-semedo.png): Layer 1 background and border, Layer 2 player portrait, Layer 3 UI information; keep the face and upper body clear. Visible card text only: ""尼科·帕斯"", ""PAZ Nico"", ""Argentina"", ""#18"", ""FW"", ""Common"", ""2026 World Cup"", ""CAN / MEX / USA 2026"". Output filename: paz-nico.png. Intended path: public/cards/argentina/paz-nico.png. Strictly avoid UEFA EURO, EURO 2024, Qatar 2022, 2022 World Cup, ability values, attack/defense/speed attributes, FUT-style attribute panels, titles, codenames, slogans, short descriptive copy, club logos, sponsor logos, watermarks, extra random text, and misspelled tournament branding."
"Argentina","尼古拉斯·奥塔门迪","OTAMENDI Nicolas","19","DF","Common","P3","public/cards/argentina/otamendi-nicolas.png","Create one complete vertical 2:3 AI-generated 2026 World Cup football collectible card for OTAMENDI Nicolas / 尼古拉斯·奥塔门迪. National team: Argentina. Jersey: Argentina sky-blue and white striped home jersey with gold detailing. Shirt number: #19. Position: DF. Portrait direction: create an original footballer portrait with a similar playing-role energy and public vibe to OTAMENDI Nicolas, but do not request or imply an exact likeness, identity-copy, or real photo replication. Rarity: Common. Visual strength: 40% luxury. Design language: white-silver clean World Cup collectible card, simple but still premium, clear player portrait, minimal glow. Country palette: sky blue, white, gold, deep navy. Use the unified card system inspired by the local Common template reference (assets/card_templates/sample-common-nelson-semedo.png): Layer 1 background and border, Layer 2 player portrait, Layer 3 UI information; keep the face and upper body clear. Visible card text only: ""尼古拉斯·奥塔门迪"", ""OTAMENDI Nicolas"", ""Argentina"", ""#19"", ""DF"", ""Common"", ""2026 World Cup"", ""CAN / MEX / USA 2026"". Output filename: otamendi-nicolas.png. Intended path: public/cards/argentina/otamendi-nicolas.png. Strictly avoid UEFA EURO, EURO 2024, Qatar 2022, 2022 World Cup, ability values, attack/defense/speed attributes, FUT-style attribute panels, titles, codenames, slogans, short descriptive copy, club logos, sponsor logos, watermarks, extra random text, and misspelled tournament branding."
"Argentina","亚历克西斯·麦卡利斯特","MAC ALLISTER Alexis","20","MF","Epic","P1","public/cards/argentina/mac-allister-alexis.png","Create one complete vertical 2:3 AI-generated 2026 World Cup football collectible card for MAC ALLISTER Alexis / 亚历克西斯·麦卡利斯特. National team: Argentina. Jersey: Argentina sky-blue and white striped home jersey with gold detailing. Shirt number: #20. Position: MF. Portrait direction: create an original footballer portrait with a similar playing-role energy and public vibe to MAC ALLISTER Alexis, but do not request or imply an exact likeness, identity-copy, or real photo replication. Rarity: Epic. Visual strength: 80% luxury. Design language: purple-gold and national-team energy card, star-player poster feeling, strong but controlled glow, premium gem-like border. Country palette: sky blue, white, gold, deep navy. Use the unified card system inspired by the local Epic template reference (assets/card_templates/sample-epic-bruno.png): Layer 1 background and border, Layer 2 player portrait, Layer 3 UI information; keep the face and upper body clear. Visible card text only: ""亚历克西斯·麦卡利斯特"", ""MAC ALLISTER Alexis"", ""Argentina"", ""#20"", ""MF"", ""Epic"", ""2026 World Cup"", ""CAN / MEX / USA 2026"". Output filename: mac-allister-alexis.png. Intended path: public/cards/argentina/mac-allister-alexis.png. Strictly avoid UEFA EURO, EURO 2024, Qatar 2022, 2022 World Cup, ability values, attack/defense/speed attributes, FUT-style attribute panels, titles, codenames, slogans, short descriptive copy, club logos, sponsor logos, watermarks, extra random text, and misspelled tournament branding."
"Argentina","何塞·曼努埃尔·洛佩斯","LOPEZ Jose Manuel","21","FW","Common","P3","public/cards/argentina/lopez-jose-manuel.png","Create one complete vertical 2:3 AI-generated 2026 World Cup football collectible card for LOPEZ Jose Manuel / 何塞·曼努埃尔·洛佩斯. National team: Argentina. Jersey: Argentina sky-blue and white striped home jersey with gold detailing. Shirt number: #21. Position: FW. Portrait direction: create an original footballer portrait with a similar playing-role energy and public vibe to LOPEZ Jose Manuel, but do not request or imply an exact likeness, identity-copy, or real photo replication. Rarity: Common. Visual strength: 40% luxury. Design language: white-silver clean World Cup collectible card, simple but still premium, clear player portrait, minimal glow. Country palette: sky blue, white, gold, deep navy. Use the unified card system inspired by the local Common template reference (assets/card_templates/sample-common-nelson-semedo.png): Layer 1 background and border, Layer 2 player portrait, Layer 3 UI information; keep the face and upper body clear. Visible card text only: ""何塞·曼努埃尔·洛佩斯"", ""LOPEZ Jose Manuel"", ""Argentina"", ""#21"", ""FW"", ""Common"", ""2026 World Cup"", ""CAN / MEX / USA 2026"". Output filename: lopez-jose-manuel.png. Intended path: public/cards/argentina/lopez-jose-manuel.png. Strictly avoid UEFA EURO, EURO 2024, Qatar 2022, 2022 World Cup, ability values, attack/defense/speed attributes, FUT-style attribute panels, titles, codenames, slogans, short descriptive copy, club logos, sponsor logos, watermarks, extra random text, and misspelled tournament branding."
"Argentina","劳塔罗·马丁内斯","MARTINEZ Lautaro","22","FW","Epic","P0","public/cards/argentina/lautaro.png","Create one complete vertical 2:3 AI-generated 2026 World Cup football collectible card for MARTINEZ Lautaro / 劳塔罗·马丁内斯. National team: Argentina. Jersey: Argentina sky-blue and white striped home jersey with gold detailing. Shirt number: #22. Position: FW. Portrait direction: create an original footballer portrait with a similar playing-role energy and public vibe to MARTINEZ Lautaro, but do not request or imply an exact likeness, identity-copy, or real photo replication. Rarity: Epic. Visual strength: 80% luxury. Design language: purple-gold and national-team energy card, star-player poster feeling, strong but controlled glow, premium gem-like border. Country palette: sky blue, white, gold, deep navy. Use the unified card system inspired by the local Epic template reference (assets/card_templates/sample-epic-bruno.png): Layer 1 background and border, Layer 2 player portrait, Layer 3 UI information; keep the face and upper body clear. Visible card text only: ""劳塔罗·马丁内斯"", ""MARTINEZ Lautaro"", ""Argentina"", ""#22"", ""FW"", ""Epic"", ""2026 World Cup"", ""CAN / MEX / USA 2026"". Output filename: lautaro.png. Intended path: public/cards/argentina/lautaro.png. Strictly avoid UEFA EURO, EURO 2024, Qatar 2022, 2022 World Cup, ability values, attack/defense/speed attributes, FUT-style attribute panels, titles, codenames, slogans, short descriptive copy, club logos, sponsor logos, watermarks, extra random text, and misspelled tournament branding."
"Argentina","埃米利亚诺·马丁内斯","MARTINEZ Emiliano","23","GK","Epic","P1","public/cards/argentina/martinez-emiliano.png","Create one complete vertical 2:3 AI-generated 2026 World Cup football collectible card for MARTINEZ Emiliano / 埃米利亚诺·马丁内斯. National team: Argentina. Jersey: Argentina sky-blue and white striped home jersey with gold detailing. Shirt number: #23. Position: GK. Portrait direction: create an original footballer portrait with a similar playing-role energy and public vibe to MARTINEZ Emiliano, but do not request or imply an exact likeness, identity-copy, or real photo replication. Rarity: Epic. Visual strength: 80% luxury. Design language: purple-gold and national-team energy card, star-player poster feeling, strong but controlled glow, premium gem-like border. Country palette: sky blue, white, gold, deep navy. Use the unified card system inspired by the local Epic template reference (assets/card_templates/sample-epic-bruno.png): Layer 1 background and border, Layer 2 player portrait, Layer 3 UI information; keep the face and upper body clear. Visible card text only: ""埃米利亚诺·马丁内斯"", ""MARTINEZ Emiliano"", ""Argentina"", ""#23"", ""GK"", ""Epic"", ""2026 World Cup"", ""CAN / MEX / USA 2026"". Output filename: martinez-emiliano.png. Intended path: public/cards/argentina/martinez-emiliano.png. Strictly avoid UEFA EURO, EURO 2024, Qatar 2022, 2022 World Cup, ability values, attack/defense/speed attributes, FUT-style attribute panels, titles, codenames, slogans, short descriptive copy, club logos, sponsor logos, watermarks, extra random text, and misspelled tournament branding."
"Argentina","恩佐·费尔南德斯","FERNANDEZ Enzo","24","MF","Epic","P1","public/cards/argentina/fernandez-enzo.png","Create one complete vertical 2:3 AI-generated 2026 World Cup football collectible card for FERNANDEZ Enzo / 恩佐·费尔南德斯. National team: Argentina. Jersey: Argentina sky-blue and white striped home jersey with gold detailing. Shirt number: #24. Position: MF. Portrait direction: create an original footballer portrait with a similar playing-role energy and public vibe to FERNANDEZ Enzo, but do not request or imply an exact likeness, identity-copy, or real photo replication. Rarity: Epic. Visual strength: 80% luxury. Design language: purple-gold and national-team energy card, star-player poster feeling, strong but controlled glow, premium gem-like border. Country palette: sky blue, white, gold, deep navy. Use the unified card system inspired by the local Epic template reference (assets/card_templates/sample-epic-bruno.png): Layer 1 background and border, Layer 2 player portrait, Layer 3 UI information; keep the face and upper body clear. Visible card text only: ""恩佐·费尔南德斯"", ""FERNANDEZ Enzo"", ""Argentina"", ""#24"", ""MF"", ""Epic"", ""2026 World Cup"", ""CAN / MEX / USA 2026"". Output filename: fernandez-enzo.png. Intended path: public/cards/argentina/fernandez-enzo.png. Strictly avoid UEFA EURO, EURO 2024, Qatar 2022, 2022 World Cup, ability values, attack/defense/speed attributes, FUT-style attribute panels, titles, codenames, slogans, short descriptive copy, club logos, sponsor logos, watermarks, extra random text, and misspelled tournament branding."
"Argentina","法昆多·梅迪纳","MEDINA Facundo","25","DF","Common","P3","public/cards/argentina/medina-facundo.png","Create one complete vertical 2:3 AI-generated 2026 World Cup football collectible card for MEDINA Facundo / 法昆多·梅迪纳. National team: Argentina. Jersey: Argentina sky-blue and white striped home jersey with gold detailing. Shirt number: #25. Position: DF. Portrait direction: create an original footballer portrait with a similar playing-role energy and public vibe to MEDINA Facundo, but do not request or imply an exact likeness, identity-copy, or real photo replication. Rarity: Common. Visual strength: 40% luxury. Design language: white-silver clean World Cup collectible card, simple but still premium, clear player portrait, minimal glow. Country palette: sky blue, white, gold, deep navy. Use the unified card system inspired by the local Common template reference (assets/card_templates/sample-common-nelson-semedo.png): Layer 1 background and border, Layer 2 player portrait, Layer 3 UI information; keep the face and upper body clear. Visible card text only: ""法昆多·梅迪纳"", ""MEDINA Facundo"", ""Argentina"", ""#25"", ""DF"", ""Common"", ""2026 World Cup"", ""CAN / MEX / USA 2026"". Output filename: medina-facundo.png. Intended path: public/cards/argentina/medina-facundo.png. Strictly avoid UEFA EURO, EURO 2024, Qatar 2022, 2022 World Cup, ability values, attack/defense/speed attributes, FUT-style attribute panels, titles, codenames, slogans, short descriptive copy, club logos, sponsor logos, watermarks, extra random text, and misspelled tournament branding."
"Argentina","纳韦尔·莫利纳","MOLINA Nahuel","26","DF","Rare","P2","public/cards/argentina/molina-nahuel.png","Create one complete vertical 2:3 AI-generated 2026 World Cup football collectible card for MOLINA Nahuel / 纳韦尔·莫利纳. National team: Argentina. Jersey: Argentina sky-blue and white striped home jersey with gold detailing. Shirt number: #26. Position: DF. Portrait direction: create an original footballer portrait with a similar playing-role energy and public vibe to MOLINA Nahuel, but do not request or imply an exact likeness, identity-copy, or real photo replication. Rarity: Rare. Visual strength: 60% luxury. Design language: blue-silver formal World Cup collectible card, clean premium border, clear player portrait, reduced light effects. Country palette: sky blue, white, gold, deep navy. Use the unified card system inspired by the local Rare template reference (assets/card_templates/sample-rare-diogo-costa.png): Layer 1 background and border, Layer 2 player portrait, Layer 3 UI information; keep the face and upper body clear. Visible card text only: ""纳韦尔·莫利纳"", ""MOLINA Nahuel"", ""Argentina"", ""#26"", ""DF"", ""Rare"", ""2026 World Cup"", ""CAN / MEX / USA 2026"". Output filename: molina-nahuel.png. Intended path: public/cards/argentina/molina-nahuel.png. Strictly avoid UEFA EURO, EURO 2024, Qatar 2022, 2022 World Cup, ability values, attack/defense/speed attributes, FUT-style attribute panels, titles, codenames, slogans, short descriptive copy, club logos, sponsor logos, watermarks, extra random text, and misspelled tournament branding."
"Germany","曼努埃尔·诺伊尔","NEUER Manuel","1","GK","Legend","P1","public/cards/germany/neuer-manuel.png","Create one complete vertical 2:3 AI-generated 2026 World Cup football collectible card for NEUER Manuel / 曼努埃尔·诺伊尔. National team: Germany. Jersey: Germany white home jersey with black, red, and gold accents. Shirt number: #1. Position: GK. Portrait direction: create an original footballer portrait with a similar playing-role energy and public vibe to NEUER Manuel, but do not request or imply an exact likeness, identity-copy, or real photo replication. Rarity: Legend. Visual strength: 100% luxury. Design language: black-and-gold cinematic national glory card, ornate premium border, strongest golden light, highest rarity, dramatic stadium atmosphere. Country palette: white, black, red, gold. Use the unified card system inspired by the local Legend template reference (assets/card_templates/sample-legend-ronaldo.png): Layer 1 background and border, Layer 2 player portrait, Layer 3 UI information; keep the face and upper body clear. Visible card text only: ""曼努埃尔·诺伊尔"", ""NEUER Manuel"", ""Germany"", ""#1"", ""GK"", ""Legend"", ""2026 World Cup"", ""CAN / MEX / USA 2026"". Output filename: neuer-manuel.png. Intended path: public/cards/germany/neuer-manuel.png. Strictly avoid UEFA EURO, EURO 2024, Qatar 2022, 2022 World Cup, ability values, attack/defense/speed attributes, FUT-style attribute panels, titles, codenames, slogans, short descriptive copy, club logos, sponsor logos, watermarks, extra random text, and misspelled tournament branding."
"Germany","安东尼奥·吕迪格","RUEDIGER Antonio","2","DF","Rare","P2","public/cards/germany/ruediger-antonio.png","Create one complete vertical 2:3 AI-generated 2026 World Cup football collectible card for RUEDIGER Antonio / 安东尼奥·吕迪格. National team: Germany. Jersey: Germany white home jersey with black, red, and gold accents. Shirt number: #2. Position: DF. Portrait direction: create an original footballer portrait with a similar playing-role energy and public vibe to RUEDIGER Antonio, but do not request or imply an exact likeness, identity-copy, or real photo replication. Rarity: Rare. Visual strength: 60% luxury. Design language: blue-silver formal World Cup collectible card, clean premium border, clear player portrait, reduced light effects. Country palette: white, black, red, gold. Use the unified card system inspired by the local Rare template reference (assets/card_templates/sample-rare-diogo-costa.png): Layer 1 background and border, Layer 2 player portrait, Layer 3 UI information; keep the face and upper body clear. Visible card text only: ""安东尼奥·吕迪格"", ""RUEDIGER Antonio"", ""Germany"", ""#2"", ""DF"", ""Rare"", ""2026 World Cup"", ""CAN / MEX / USA 2026"". Output filename: ruediger-antonio.png. Intended path: public/cards/germany/ruediger-antonio.png. Strictly avoid UEFA EURO, EURO 2024, Qatar 2022, 2022 World Cup, ability values, attack/defense/speed attributes, FUT-style attribute panels, titles, codenames, slogans, short descriptive copy, club logos, sponsor logos, watermarks, extra random text, and misspelled tournament branding."
"Germany","瓦尔德马·安东","ANTON Waldemar","3","DF","Common","P3","public/cards/germany/anton-waldemar.png","Create one complete vertical 2:3 AI-generated 2026 World Cup football collectible card for ANTON Waldemar / 瓦尔德马·安东. National team: Germany. Jersey: Germany white home jersey with black, red, and gold accents. Shirt number: #3. Position: DF. Portrait direction: create an original footballer portrait with a similar playing-role energy and public vibe to ANTON Waldemar, but do not request or imply an exact likeness, identity-copy, or real photo replication. Rarity: Common. Visual strength: 40% luxury. Design language: white-silver clean World Cup collectible card, simple but still premium, clear player portrait, minimal glow. Country palette: white, black, red, gold. Use the unified card system inspired by the local Common template reference (assets/card_templates/sample-common-nelson-semedo.png): Layer 1 background and border, Layer 2 player portrait, Layer 3 UI information; keep the face and upper body clear. Visible card text only: ""瓦尔德马·安东"", ""ANTON Waldemar"", ""Germany"", ""#3"", ""DF"", ""Common"", ""2026 World Cup"", ""CAN / MEX / USA 2026"". Output filename: anton-waldemar.png. Intended path: public/cards/germany/anton-waldemar.png. Strictly avoid UEFA EURO, EURO 2024, Qatar 2022, 2022 World Cup, ability values, attack/defense/speed attributes, FUT-style attribute panels, titles, codenames, slogans, short descriptive copy, club logos, sponsor logos, watermarks, extra random text, and misspelled tournament branding."
"Germany","约纳坦·塔","TAH Jonathan","4","DF","Rare","P2","public/cards/germany/tah-jonathan.png","Create one complete vertical 2:3 AI-generated 2026 World Cup football collectible card for TAH Jonathan / 约纳坦·塔. National team: Germany. Jersey: Germany white home jersey with black, red, and gold accents. Shirt number: #4. Position: DF. Portrait direction: create an original footballer portrait with a similar playing-role energy and public vibe to TAH Jonathan, but do not request or imply an exact likeness, identity-copy, or real photo replication. Rarity: Rare. Visual strength: 60% luxury. Design language: blue-silver formal World Cup collectible card, clean premium border, clear player portrait, reduced light effects. Country palette: white, black, red, gold. Use the unified card system inspired by the local Rare template reference (assets/card_templates/sample-rare-diogo-costa.png): Layer 1 background and border, Layer 2 player portrait, Layer 3 UI information; keep the face and upper body clear. Visible card text only: ""约纳坦·塔"", ""TAH Jonathan"", ""Germany"", ""#4"", ""DF"", ""Rare"", ""2026 World Cup"", ""CAN / MEX / USA 2026"". Output filename: tah-jonathan.png. Intended path: public/cards/germany/tah-jonathan.png. Strictly avoid UEFA EURO, EURO 2024, Qatar 2022, 2022 World Cup, ability values, attack/defense/speed attributes, FUT-style attribute panels, titles, codenames, slogans, short descriptive copy, club logos, sponsor logos, watermarks, extra random text, and misspelled tournament branding."
"Germany","亚历山大·帕夫洛维奇","PAVLOVIC Aleksandar","5","MF","Common","P3","public/cards/germany/pavlovic-aleksandar.png","Create one complete vertical 2:3 AI-generated 2026 World Cup football collectible card for PAVLOVIC Aleksandar / 亚历山大·帕夫洛维奇. National team: Germany. Jersey: Germany white home jersey with black, red, and gold accents. Shirt number: #5. Position: MF. Portrait direction: create an original footballer portrait with a similar playing-role energy and public vibe to PAVLOVIC Aleksandar, but do not request or imply an exact likeness, identity-copy, or real photo replication. Rarity: Common. Visual strength: 40% luxury. Design language: white-silver clean World Cup collectible card, simple but still premium, clear player portrait, minimal glow. Country palette: white, black, red, gold. Use the unified card system inspired by the local Common template reference (assets/card_templates/sample-common-nelson-semedo.png): Layer 1 background and border, Layer 2 player portrait, Layer 3 UI information; keep the face and upper body clear. Visible card text only: ""亚历山大·帕夫洛维奇"", ""PAVLOVIC Aleksandar"", ""Germany"", ""#5"", ""MF"", ""Common"", ""2026 World Cup"", ""CAN / MEX / USA 2026"". Output filename: pavlovic-aleksandar.png. Intended path: public/cards/germany/pavlovic-aleksandar.png. Strictly avoid UEFA EURO, EURO 2024, Qatar 2022, 2022 World Cup, ability values, attack/defense/speed attributes, FUT-style attribute panels, titles, codenames, slogans, short descriptive copy, club logos, sponsor logos, watermarks, extra random text, and misspelled tournament branding."
"Germany","约书亚·基米希","KIMMICH Joshua","6","DF","Epic","P0","public/cards/germany/kimmich.png","Create one complete vertical 2:3 AI-generated 2026 World Cup football collectible card for KIMMICH Joshua / 约书亚·基米希. National team: Germany. Jersey: Germany white home jersey with black, red, and gold accents. Shirt number: #6. Position: DF. Portrait direction: create an original footballer portrait with a similar playing-role energy and public vibe to KIMMICH Joshua, but do not request or imply an exact likeness, identity-copy, or real photo replication. Rarity: Epic. Visual strength: 80% luxury. Design language: purple-gold and national-team energy card, star-player poster feeling, strong but controlled glow, premium gem-like border. Country palette: white, black, red, gold. Use the unified card system inspired by the local Epic template reference (assets/card_templates/sample-epic-bruno.png): Layer 1 background and border, Layer 2 player portrait, Layer 3 UI information; keep the face and upper body clear. Visible card text only: ""约书亚·基米希"", ""KIMMICH Joshua"", ""Germany"", ""#6"", ""DF"", ""Epic"", ""2026 World Cup"", ""CAN / MEX / USA 2026"". Output filename: kimmich.png. Intended path: public/cards/germany/kimmich.png. Strictly avoid UEFA EURO, EURO 2024, Qatar 2022, 2022 World Cup, ability values, attack/defense/speed attributes, FUT-style attribute panels, titles, codenames, slogans, short descriptive copy, club logos, sponsor logos, watermarks, extra random text, and misspelled tournament branding."
"Germany","凯·哈弗茨","HAVERTZ Kai","7","FW","Epic","P0","public/cards/germany/havertz.png","Create one complete vertical 2:3 AI-generated 2026 World Cup football collectible card for HAVERTZ Kai / 凯·哈弗茨. National team: Germany. Jersey: Germany white home jersey with black, red, and gold accents. Shirt number: #7. Position: FW. Portrait direction: create an original footballer portrait with a similar playing-role energy and public vibe to HAVERTZ Kai, but do not request or imply an exact likeness, identity-copy, or real photo replication. Rarity: Epic. Visual strength: 80% luxury. Design language: purple-gold and national-team energy card, star-player poster feeling, strong but controlled glow, premium gem-like border. Country palette: white, black, red, gold. Use the unified card system inspired by the local Epic template reference (assets/card_templates/sample-epic-bruno.png): Layer 1 background and border, Layer 2 player portrait, Layer 3 UI information; keep the face and upper body clear. Visible card text only: ""凯·哈弗茨"", ""HAVERTZ Kai"", ""Germany"", ""#7"", ""FW"", ""Epic"", ""2026 World Cup"", ""CAN / MEX / USA 2026"". Output filename: havertz.png. Intended path: public/cards/germany/havertz.png. Strictly avoid UEFA EURO, EURO 2024, Qatar 2022, 2022 World Cup, ability values, attack/defense/speed attributes, FUT-style attribute panels, titles, codenames, slogans, short descriptive copy, club logos, sponsor logos, watermarks, extra random text, and misspelled tournament branding."
"Germany","莱昂·格雷茨卡","GORETZKA Leon","8","MF","Rare","P2","public/cards/germany/goretzka-leon.png","Create one complete vertical 2:3 AI-generated 2026 World Cup football collectible card for GORETZKA Leon / 莱昂·格雷茨卡. National team: Germany. Jersey: Germany white home jersey with black, red, and gold accents. Shirt number: #8. Position: MF. Portrait direction: create an original footballer portrait with a similar playing-role energy and public vibe to GORETZKA Leon, but do not request or imply an exact likeness, identity-copy, or real photo replication. Rarity: Rare. Visual strength: 60% luxury. Design language: blue-silver formal World Cup collectible card, clean premium border, clear player portrait, reduced light effects. Country palette: white, black, red, gold. Use the unified card system inspired by the local Rare template reference (assets/card_templates/sample-rare-diogo-costa.png): Layer 1 background and border, Layer 2 player portrait, Layer 3 UI information; keep the face and upper body clear. Visible card text only: ""莱昂·格雷茨卡"", ""GORETZKA Leon"", ""Germany"", ""#8"", ""MF"", ""Rare"", ""2026 World Cup"", ""CAN / MEX / USA 2026"". Output filename: goretzka-leon.png. Intended path: public/cards/germany/goretzka-leon.png. Strictly avoid UEFA EURO, EURO 2024, Qatar 2022, 2022 World Cup, ability values, attack/defense/speed attributes, FUT-style attribute panels, titles, codenames, slogans, short descriptive copy, club logos, sponsor logos, watermarks, extra random text, and misspelled tournament branding."
"Germany","杰米·勒韦林","LEWELING Jamie","9","MF","Common","P3","public/cards/germany/leweling-jamie.png","Create one complete vertical 2:3 AI-generated 2026 World Cup football collectible card for LEWELING Jamie / 杰米·勒韦林. National team: Germany. Jersey: Germany white home jersey with black, red, and gold accents. Shirt number: #9. Position: MF. Portrait direction: create an original footballer portrait with a similar playing-role energy and public vibe to LEWELING Jamie, but do not request or imply an exact likeness, identity-copy, or real photo replication. Rarity: Common. Visual strength: 40% luxury. Design language: white-silver clean World Cup collectible card, simple but still premium, clear player portrait, minimal glow. Country palette: white, black, red, gold. Use the unified card system inspired by the local Common template reference (assets/card_templates/sample-common-nelson-semedo.png): Layer 1 background and border, Layer 2 player portrait, Layer 3 UI information; keep the face and upper body clear. Visible card text only: ""杰米·勒韦林"", ""LEWELING Jamie"", ""Germany"", ""#9"", ""MF"", ""Common"", ""2026 World Cup"", ""CAN / MEX / USA 2026"". Output filename: leweling-jamie.png. Intended path: public/cards/germany/leweling-jamie.png. Strictly avoid UEFA EURO, EURO 2024, Qatar 2022, 2022 World Cup, ability values, attack/defense/speed attributes, FUT-style attribute panels, titles, codenames, slogans, short descriptive copy, club logos, sponsor logos, watermarks, extra random text, and misspelled tournament branding."
"Germany","贾马尔·穆西亚拉","MUSIALA Jamal","10","MF","Epic","P0","public/cards/germany/musiala.png","Create one complete vertical 2:3 AI-generated 2026 World Cup football collectible card for MUSIALA Jamal / 贾马尔·穆西亚拉. National team: Germany. Jersey: Germany white home jersey with black, red, and gold accents. Shirt number: #10. Position: MF. Portrait direction: create an original footballer portrait with a similar playing-role energy and public vibe to MUSIALA Jamal, but do not request or imply an exact likeness, identity-copy, or real photo replication. Rarity: Epic. Visual strength: 80% luxury. Design language: purple-gold and national-team energy card, star-player poster feeling, strong but controlled glow, premium gem-like border. Country palette: white, black, red, gold. Use the unified card system inspired by the local Epic template reference (assets/card_templates/sample-epic-bruno.png): Layer 1 background and border, Layer 2 player portrait, Layer 3 UI information; keep the face and upper body clear. Visible card text only: ""贾马尔·穆西亚拉"", ""MUSIALA Jamal"", ""Germany"", ""#10"", ""MF"", ""Epic"", ""2026 World Cup"", ""CAN / MEX / USA 2026"". Output filename: musiala.png. Intended path: public/cards/germany/musiala.png. Strictly avoid UEFA EURO, EURO 2024, Qatar 2022, 2022 World Cup, ability values, attack/defense/speed attributes, FUT-style attribute panels, titles, codenames, slogans, short descriptive copy, club logos, sponsor logos, watermarks, extra random text, and misspelled tournament branding."
"Germany","尼克·沃尔特马德","WOLTEMADE Nick","11","FW","Common","P3","public/cards/germany/woltemade-nick.png","Create one complete vertical 2:3 AI-generated 2026 World Cup football collectible card for WOLTEMADE Nick / 尼克·沃尔特马德. National team: Germany. Jersey: Germany white home jersey with black, red, and gold accents. Shirt number: #11. Position: FW. Portrait direction: create an original footballer portrait with a similar playing-role energy and public vibe to WOLTEMADE Nick, but do not request or imply an exact likeness, identity-copy, or real photo replication. Rarity: Common. Visual strength: 40% luxury. Design language: white-silver clean World Cup collectible card, simple but still premium, clear player portrait, minimal glow. Country palette: white, black, red, gold. Use the unified card system inspired by the local Common template reference (assets/card_templates/sample-common-nelson-semedo.png): Layer 1 background and border, Layer 2 player portrait, Layer 3 UI information; keep the face and upper body clear. Visible card text only: ""尼克·沃尔特马德"", ""WOLTEMADE Nick"", ""Germany"", ""#11"", ""FW"", ""Common"", ""2026 World Cup"", ""CAN / MEX / USA 2026"". Output filename: woltemade-nick.png. Intended path: public/cards/germany/woltemade-nick.png. Strictly avoid UEFA EURO, EURO 2024, Qatar 2022, 2022 World Cup, ability values, attack/defense/speed attributes, FUT-style attribute panels, titles, codenames, slogans, short descriptive copy, club logos, sponsor logos, watermarks, extra random text, and misspelled tournament branding."
"Germany","奥利弗·鲍曼","BAUMANN Oliver","12","GK","Common","P3","public/cards/germany/baumann-oliver.png","Create one complete vertical 2:3 AI-generated 2026 World Cup football collectible card for BAUMANN Oliver / 奥利弗·鲍曼. National team: Germany. Jersey: Germany white home jersey with black, red, and gold accents. Shirt number: #12. Position: GK. Portrait direction: create an original footballer portrait with a similar playing-role energy and public vibe to BAUMANN Oliver, but do not request or imply an exact likeness, identity-copy, or real photo replication. Rarity: Common. Visual strength: 40% luxury. Design language: white-silver clean World Cup collectible card, simple but still premium, clear player portrait, minimal glow. Country palette: white, black, red, gold. Use the unified card system inspired by the local Common template reference (assets/card_templates/sample-common-nelson-semedo.png): Layer 1 background and border, Layer 2 player portrait, Layer 3 UI information; keep the face and upper body clear. Visible card text only: ""奥利弗·鲍曼"", ""BAUMANN Oliver"", ""Germany"", ""#12"", ""GK"", ""Common"", ""2026 World Cup"", ""CAN / MEX / USA 2026"". Output filename: baumann-oliver.png. Intended path: public/cards/germany/baumann-oliver.png. Strictly avoid UEFA EURO, EURO 2024, Qatar 2022, 2022 World Cup, ability values, attack/defense/speed attributes, FUT-style attribute panels, titles, codenames, slogans, short descriptive copy, club logos, sponsor logos, watermarks, extra random text, and misspelled tournament branding."
"Germany","帕斯卡尔·格罗斯","GROSS Pascal","13","MF","Common","P3","public/cards/germany/gross-pascal.png","Create one complete vertical 2:3 AI-generated 2026 World Cup football collectible card for GROSS Pascal / 帕斯卡尔·格罗斯. National team: Germany. Jersey: Germany white home jersey with black, red, and gold accents. Shirt number: #13. Position: MF. Portrait direction: create an original footballer portrait with a similar playing-role energy and public vibe to GROSS Pascal, but do not request or imply an exact likeness, identity-copy, or real photo replication. Rarity: Common. Visual strength: 40% luxury. Design language: white-silver clean World Cup collectible card, simple but still premium, clear player portrait, minimal glow. Country palette: white, black, red, gold. Use the unified card system inspired by the local Common template reference (assets/card_templates/sample-common-nelson-semedo.png): Layer 1 background and border, Layer 2 player portrait, Layer 3 UI information; keep the face and upper body clear. Visible card text only: ""帕斯卡尔·格罗斯"", ""GROSS Pascal"", ""Germany"", ""#13"", ""MF"", ""Common"", ""2026 World Cup"", ""CAN / MEX / USA 2026"". Output filename: gross-pascal.png. Intended path: public/cards/germany/gross-pascal.png. Strictly avoid UEFA EURO, EURO 2024, Qatar 2022, 2022 World Cup, ability values, attack/defense/speed attributes, FUT-style attribute panels, titles, codenames, slogans, short descriptive copy, club logos, sponsor logos, watermarks, extra random text, and misspelled tournament branding."
"Germany","马克西米利安·拜尔","BEIER Maximilian","14","FW","Common","P3","public/cards/germany/beier-maximilian.png","Create one complete vertical 2:3 AI-generated 2026 World Cup football collectible card for BEIER Maximilian / 马克西米利安·拜尔. National team: Germany. Jersey: Germany white home jersey with black, red, and gold accents. Shirt number: #14. Position: FW. Portrait direction: create an original footballer portrait with a similar playing-role energy and public vibe to BEIER Maximilian, but do not request or imply an exact likeness, identity-copy, or real photo replication. Rarity: Common. Visual strength: 40% luxury. Design language: white-silver clean World Cup collectible card, simple but still premium, clear player portrait, minimal glow. Country palette: white, black, red, gold. Use the unified card system inspired by the local Common template reference (assets/card_templates/sample-common-nelson-semedo.png): Layer 1 background and border, Layer 2 player portrait, Layer 3 UI information; keep the face and upper body clear. Visible card text only: ""马克西米利安·拜尔"", ""BEIER Maximilian"", ""Germany"", ""#14"", ""FW"", ""Common"", ""2026 World Cup"", ""CAN / MEX / USA 2026"". Output filename: beier-maximilian.png. Intended path: public/cards/germany/beier-maximilian.png. Strictly avoid UEFA EURO, EURO 2024, Qatar 2022, 2022 World Cup, ability values, attack/defense/speed attributes, FUT-style attribute panels, titles, codenames, slogans, short descriptive copy, club logos, sponsor logos, watermarks, extra random text, and misspelled tournament branding."
"Germany","尼科·施洛特贝克","SCHLOTTERBECK Nico","15","DF","Rare","P2","public/cards/germany/schlotterbeck-nico.png","Create one complete vertical 2:3 AI-generated 2026 World Cup football collectible card for SCHLOTTERBECK Nico / 尼科·施洛特贝克. National team: Germany. Jersey: Germany white home jersey with black, red, and gold accents. Shirt number: #15. Position: DF. Portrait direction: create an original footballer portrait with a similar playing-role energy and public vibe to SCHLOTTERBECK Nico, but do not request or imply an exact likeness, identity-copy, or real photo replication. Rarity: Rare. Visual strength: 60% luxury. Design language: blue-silver formal World Cup collectible card, clean premium border, clear player portrait, reduced light effects. Country palette: white, black, red, gold. Use the unified card system inspired by the local Rare template reference (assets/card_templates/sample-rare-diogo-costa.png): Layer 1 background and border, Layer 2 player portrait, Layer 3 UI information; keep the face and upper body clear. Visible card text only: ""尼科·施洛特贝克"", ""SCHLOTTERBECK Nico"", ""Germany"", ""#15"", ""DF"", ""Rare"", ""2026 World Cup"", ""CAN / MEX / USA 2026"". Output filename: schlotterbeck-nico.png. Intended path: public/cards/germany/schlotterbeck-nico.png. Strictly avoid UEFA EURO, EURO 2024, Qatar 2022, 2022 World Cup, ability values, attack/defense/speed attributes, FUT-style attribute panels, titles, codenames, slogans, short descriptive copy, club logos, sponsor logos, watermarks, extra random text, and misspelled tournament branding."
"Germany","安杰洛·施蒂勒","STILLER Angelo","16","MF","Common","P3","public/cards/germany/stiller-angelo.png","Create one complete vertical 2:3 AI-generated 2026 World Cup football collectible card for STILLER Angelo / 安杰洛·施蒂勒. National team: Germany. Jersey: Germany white home jersey with black, red, and gold accents. Shirt number: #16. Position: MF. Portrait direction: create an original footballer portrait with a similar playing-role energy and public vibe to STILLER Angelo, but do not request or imply an exact likeness, identity-copy, or real photo replication. Rarity: Common. Visual strength: 40% luxury. Design language: white-silver clean World Cup collectible card, simple but still premium, clear player portrait, minimal glow. Country palette: white, black, red, gold. Use the unified card system inspired by the local Common template reference (assets/card_templates/sample-common-nelson-semedo.png): Layer 1 background and border, Layer 2 player portrait, Layer 3 UI information; keep the face and upper body clear. Visible card text only: ""安杰洛·施蒂勒"", ""STILLER Angelo"", ""Germany"", ""#16"", ""MF"", ""Common"", ""2026 World Cup"", ""CAN / MEX / USA 2026"". Output filename: stiller-angelo.png. Intended path: public/cards/germany/stiller-angelo.png. Strictly avoid UEFA EURO, EURO 2024, Qatar 2022, 2022 World Cup, ability values, attack/defense/speed attributes, FUT-style attribute panels, titles, codenames, slogans, short descriptive copy, club logos, sponsor logos, watermarks, extra random text, and misspelled tournament branding."
"Germany","弗洛里安·维尔茨","WIRTZ Florian","17","MF","Epic","P0","public/cards/germany/wirtz.png","Create one complete vertical 2:3 AI-generated 2026 World Cup football collectible card for WIRTZ Florian / 弗洛里安·维尔茨. National team: Germany. Jersey: Germany white home jersey with black, red, and gold accents. Shirt number: #17. Position: MF. Portrait direction: create an original footballer portrait with a similar playing-role energy and public vibe to WIRTZ Florian, but do not request or imply an exact likeness, identity-copy, or real photo replication. Rarity: Epic. Visual strength: 80% luxury. Design language: purple-gold and national-team energy card, star-player poster feeling, strong but controlled glow, premium gem-like border. Country palette: white, black, red, gold. Use the unified card system inspired by the local Epic template reference (assets/card_templates/sample-epic-bruno.png): Layer 1 background and border, Layer 2 player portrait, Layer 3 UI information; keep the face and upper body clear. Visible card text only: ""弗洛里安·维尔茨"", ""WIRTZ Florian"", ""Germany"", ""#17"", ""MF"", ""Epic"", ""2026 World Cup"", ""CAN / MEX / USA 2026"". Output filename: wirtz.png. Intended path: public/cards/germany/wirtz.png. Strictly avoid UEFA EURO, EURO 2024, Qatar 2022, 2022 World Cup, ability values, attack/defense/speed attributes, FUT-style attribute panels, titles, codenames, slogans, short descriptive copy, club logos, sponsor logos, watermarks, extra random text, and misspelled tournament branding."
"Germany","纳撒尼尔·布朗","BROWN Nathaniel","18","DF","Common","P3","public/cards/germany/brown-nathaniel.png","Create one complete vertical 2:3 AI-generated 2026 World Cup football collectible card for BROWN Nathaniel / 纳撒尼尔·布朗. National team: Germany. Jersey: Germany white home jersey with black, red, and gold accents. Shirt number: #18. Position: DF. Portrait direction: create an original footballer portrait with a similar playing-role energy and public vibe to BROWN Nathaniel, but do not request or imply an exact likeness, identity-copy, or real photo replication. Rarity: Common. Visual strength: 40% luxury. Design language: white-silver clean World Cup collectible card, simple but still premium, clear player portrait, minimal glow. Country palette: white, black, red, gold. Use the unified card system inspired by the local Common template reference (assets/card_templates/sample-common-nelson-semedo.png): Layer 1 background and border, Layer 2 player portrait, Layer 3 UI information; keep the face and upper body clear. Visible card text only: ""纳撒尼尔·布朗"", ""BROWN Nathaniel"", ""Germany"", ""#18"", ""DF"", ""Common"", ""2026 World Cup"", ""CAN / MEX / USA 2026"". Output filename: brown-nathaniel.png. Intended path: public/cards/germany/brown-nathaniel.png. Strictly avoid UEFA EURO, EURO 2024, Qatar 2022, 2022 World Cup, ability values, attack/defense/speed attributes, FUT-style attribute panels, titles, codenames, slogans, short descriptive copy, club logos, sponsor logos, watermarks, extra random text, and misspelled tournament branding."
"Germany","勒鲁瓦·萨内","SANE Leroy","19","MF","Rare","P2","public/cards/germany/sane-leroy.png","Create one complete vertical 2:3 AI-generated 2026 World Cup football collectible card for SANE Leroy / 勒鲁瓦·萨内. National team: Germany. Jersey: Germany white home jersey with black, red, and gold accents. Shirt number: #19. Position: MF. Portrait direction: create an original footballer portrait with a similar playing-role energy and public vibe to SANE Leroy, but do not request or imply an exact likeness, identity-copy, or real photo replication. Rarity: Rare. Visual strength: 60% luxury. Design language: blue-silver formal World Cup collectible card, clean premium border, clear player portrait, reduced light effects. Country palette: white, black, red, gold. Use the unified card system inspired by the local Rare template reference (assets/card_templates/sample-rare-diogo-costa.png): Layer 1 background and border, Layer 2 player portrait, Layer 3 UI information; keep the face and upper body clear. Visible card text only: ""勒鲁瓦·萨内"", ""SANE Leroy"", ""Germany"", ""#19"", ""MF"", ""Rare"", ""2026 World Cup"", ""CAN / MEX / USA 2026"". Output filename: sane-leroy.png. Intended path: public/cards/germany/sane-leroy.png. Strictly avoid UEFA EURO, EURO 2024, Qatar 2022, 2022 World Cup, ability values, attack/defense/speed attributes, FUT-style attribute panels, titles, codenames, slogans, short descriptive copy, club logos, sponsor logos, watermarks, extra random text, and misspelled tournament branding."
"Germany","纳迪姆·阿米里","AMIRI Nadiem","20","MF","Common","P3","public/cards/germany/amiri-nadiem.png","Create one complete vertical 2:3 AI-generated 2026 World Cup football collectible card for AMIRI Nadiem / 纳迪姆·阿米里. National team: Germany. Jersey: Germany white home jersey with black, red, and gold accents. Shirt number: #20. Position: MF. Portrait direction: create an original footballer portrait with a similar playing-role energy and public vibe to AMIRI Nadiem, but do not request or imply an exact likeness, identity-copy, or real photo replication. Rarity: Common. Visual strength: 40% luxury. Design language: white-silver clean World Cup collectible card, simple but still premium, clear player portrait, minimal glow. Country palette: white, black, red, gold. Use the unified card system inspired by the local Common template reference (assets/card_templates/sample-common-nelson-semedo.png): Layer 1 background and border, Layer 2 player portrait, Layer 3 UI information; keep the face and upper body clear. Visible card text only: ""纳迪姆·阿米里"", ""AMIRI Nadiem"", ""Germany"", ""#20"", ""MF"", ""Common"", ""2026 World Cup"", ""CAN / MEX / USA 2026"". Output filename: amiri-nadiem.png. Intended path: public/cards/germany/amiri-nadiem.png. Strictly avoid UEFA EURO, EURO 2024, Qatar 2022, 2022 World Cup, ability values, attack/defense/speed attributes, FUT-style attribute panels, titles, codenames, slogans, short descriptive copy, club logos, sponsor logos, watermarks, extra random text, and misspelled tournament branding."
"Germany","亚历山大·努贝尔","NUEBEL Alexander","21","GK","Common","P3","public/cards/germany/nuebel-alexander.png","Create one complete vertical 2:3 AI-generated 2026 World Cup football collectible card for NUEBEL Alexander / 亚历山大·努贝尔. National team: Germany. Jersey: Germany white home jersey with black, red, and gold accents. Shirt number: #21. Position: GK. Portrait direction: create an original footballer portrait with a similar playing-role energy and public vibe to NUEBEL Alexander, but do not request or imply an exact likeness, identity-copy, or real photo replication. Rarity: Common. Visual strength: 40% luxury. Design language: white-silver clean World Cup collectible card, simple but still premium, clear player portrait, minimal glow. Country palette: white, black, red, gold. Use the unified card system inspired by the local Common template reference (assets/card_templates/sample-common-nelson-semedo.png): Layer 1 background and border, Layer 2 player portrait, Layer 3 UI information; keep the face and upper body clear. Visible card text only: ""亚历山大·努贝尔"", ""NUEBEL Alexander"", ""Germany"", ""#21"", ""GK"", ""Common"", ""2026 World Cup"", ""CAN / MEX / USA 2026"". Output filename: nuebel-alexander.png. Intended path: public/cards/germany/nuebel-alexander.png. Strictly avoid UEFA EURO, EURO 2024, Qatar 2022, 2022 World Cup, ability values, attack/defense/speed attributes, FUT-style attribute panels, titles, codenames, slogans, short descriptive copy, club logos, sponsor logos, watermarks, extra random text, and misspelled tournament branding."
"Germany","大卫·劳姆","RAUM David","22","DF","Common","P3","public/cards/germany/raum-david.png","Create one complete vertical 2:3 AI-generated 2026 World Cup football collectible card for RAUM David / 大卫·劳姆. National team: Germany. Jersey: Germany white home jersey with black, red, and gold accents. Shirt number: #22. Position: DF. Portrait direction: create an original footballer portrait with a similar playing-role energy and public vibe to RAUM David, but do not request or imply an exact likeness, identity-copy, or real photo replication. Rarity: Common. Visual strength: 40% luxury. Design language: white-silver clean World Cup collectible card, simple but still premium, clear player portrait, minimal glow. Country palette: white, black, red, gold. Use the unified card system inspired by the local Common template reference (assets/card_templates/sample-common-nelson-semedo.png): Layer 1 background and border, Layer 2 player portrait, Layer 3 UI information; keep the face and upper body clear. Visible card text only: ""大卫·劳姆"", ""RAUM David"", ""Germany"", ""#22"", ""DF"", ""Common"", ""2026 World Cup"", ""CAN / MEX / USA 2026"". Output filename: raum-david.png. Intended path: public/cards/germany/raum-david.png. Strictly avoid UEFA EURO, EURO 2024, Qatar 2022, 2022 World Cup, ability values, attack/defense/speed attributes, FUT-style attribute panels, titles, codenames, slogans, short descriptive copy, club logos, sponsor logos, watermarks, extra random text, and misspelled tournament branding."
"Germany","费利克斯·恩梅查","NMECHA Felix","23","MF","Common","P3","public/cards/germany/nmecha-felix.png","Create one complete vertical 2:3 AI-generated 2026 World Cup football collectible card for NMECHA Felix / 费利克斯·恩梅查. National team: Germany. Jersey: Germany white home jersey with black, red, and gold accents. Shirt number: #23. Position: MF. Portrait direction: create an original footballer portrait with a similar playing-role energy and public vibe to NMECHA Felix, but do not request or imply an exact likeness, identity-copy, or real photo replication. Rarity: Common. Visual strength: 40% luxury. Design language: white-silver clean World Cup collectible card, simple but still premium, clear player portrait, minimal glow. Country palette: white, black, red, gold. Use the unified card system inspired by the local Common template reference (assets/card_templates/sample-common-nelson-semedo.png): Layer 1 background and border, Layer 2 player portrait, Layer 3 UI information; keep the face and upper body clear. Visible card text only: ""费利克斯·恩梅查"", ""NMECHA Felix"", ""Germany"", ""#23"", ""MF"", ""Common"", ""2026 World Cup"", ""CAN / MEX / USA 2026"". Output filename: nmecha-felix.png. Intended path: public/cards/germany/nmecha-felix.png. Strictly avoid UEFA EURO, EURO 2024, Qatar 2022, 2022 World Cup, ability values, attack/defense/speed attributes, FUT-style attribute panels, titles, codenames, slogans, short descriptive copy, club logos, sponsor logos, watermarks, extra random text, and misspelled tournament branding."
"Germany","马利克·佳夫","THIAW Malick","24","DF","Common","P3","public/cards/germany/thiaw-malick.png","Create one complete vertical 2:3 AI-generated 2026 World Cup football collectible card for THIAW Malick / 马利克·佳夫. National team: Germany. Jersey: Germany white home jersey with black, red, and gold accents. Shirt number: #24. Position: DF. Portrait direction: create an original footballer portrait with a similar playing-role energy and public vibe to THIAW Malick, but do not request or imply an exact likeness, identity-copy, or real photo replication. Rarity: Common. Visual strength: 40% luxury. Design language: white-silver clean World Cup collectible card, simple but still premium, clear player portrait, minimal glow. Country palette: white, black, red, gold. Use the unified card system inspired by the local Common template reference (assets/card_templates/sample-common-nelson-semedo.png): Layer 1 background and border, Layer 2 player portrait, Layer 3 UI information; keep the face and upper body clear. Visible card text only: ""马利克·佳夫"", ""THIAW Malick"", ""Germany"", ""#24"", ""DF"", ""Common"", ""2026 World Cup"", ""CAN / MEX / USA 2026"". Output filename: thiaw-malick.png. Intended path: public/cards/germany/thiaw-malick.png. Strictly avoid UEFA EURO, EURO 2024, Qatar 2022, 2022 World Cup, ability values, attack/defense/speed attributes, FUT-style attribute panels, titles, codenames, slogans, short descriptive copy, club logos, sponsor logos, watermarks, extra random text, and misspelled tournament branding."
"Germany","阿桑·韦德拉奥果","OUEDRAOGO Assan","25","MF","Common","P3","public/cards/germany/ouedraogo-assan.png","Create one complete vertical 2:3 AI-generated 2026 World Cup football collectible card for OUEDRAOGO Assan / 阿桑·韦德拉奥果. National team: Germany. Jersey: Germany white home jersey with black, red, and gold accents. Shirt number: #25. Position: MF. Portrait direction: create an original footballer portrait with a similar playing-role energy and public vibe to OUEDRAOGO Assan, but do not request or imply an exact likeness, identity-copy, or real photo replication. Rarity: Common. Visual strength: 40% luxury. Design language: white-silver clean World Cup collectible card, simple but still premium, clear player portrait, minimal glow. Country palette: white, black, red, gold. Use the unified card system inspired by the local Common template reference (assets/card_templates/sample-common-nelson-semedo.png): Layer 1 background and border, Layer 2 player portrait, Layer 3 UI information; keep the face and upper body clear. Visible card text only: ""阿桑·韦德拉奥果"", ""OUEDRAOGO Assan"", ""Germany"", ""#25"", ""MF"", ""Common"", ""2026 World Cup"", ""CAN / MEX / USA 2026"". Output filename: ouedraogo-assan.png. Intended path: public/cards/germany/ouedraogo-assan.png. Strictly avoid UEFA EURO, EURO 2024, Qatar 2022, 2022 World Cup, ability values, attack/defense/speed attributes, FUT-style attribute panels, titles, codenames, slogans, short descriptive copy, club logos, sponsor logos, watermarks, extra random text, and misspelled tournament branding."
"Germany","德尼兹·温达夫","UNDAV Deniz","26","FW","Common","P3","public/cards/germany/undav-deniz.png","Create one complete vertical 2:3 AI-generated 2026 World Cup football collectible card for UNDAV Deniz / 德尼兹·温达夫. National team: Germany. Jersey: Germany white home jersey with black, red, and gold accents. Shirt number: #26. Position: FW. Portrait direction: create an original footballer portrait with a similar playing-role energy and public vibe to UNDAV Deniz, but do not request or imply an exact likeness, identity-copy, or real photo replication. Rarity: Common. Visual strength: 40% luxury. Design language: white-silver clean World Cup collectible card, simple but still premium, clear player portrait, minimal glow. Country palette: white, black, red, gold. Use the unified card system inspired by the local Common template reference (assets/card_templates/sample-common-nelson-semedo.png): Layer 1 background and border, Layer 2 player portrait, Layer 3 UI information; keep the face and upper body clear. Visible card text only: ""德尼兹·温达夫"", ""UNDAV Deniz"", ""Germany"", ""#26"", ""FW"", ""Common"", ""2026 World Cup"", ""CAN / MEX / USA 2026"". Output filename: undav-deniz.png. Intended path: public/cards/germany/undav-deniz.png. Strictly avoid UEFA EURO, EURO 2024, Qatar 2022, 2022 World Cup, ability values, attack/defense/speed attributes, FUT-style attribute panels, titles, codenames, slogans, short descriptive copy, club logos, sponsor logos, watermarks, extra random text, and misspelled tournament branding."
"England","乔丹·皮克福德","PICKFORD Jordan","1","GK","Rare","P2","public/cards/england/pickford-jordan.png","Create one complete vertical 2:3 AI-generated 2026 World Cup football collectible card for PICKFORD Jordan / 乔丹·皮克福德. National team: England. Jersey: England white home jersey with deep navy and red accents. Shirt number: #1. Position: GK. Portrait direction: create an original footballer portrait with a similar playing-role energy and public vibe to PICKFORD Jordan, but do not request or imply an exact likeness, identity-copy, or real photo replication. Rarity: Rare. Visual strength: 60% luxury. Design language: blue-silver formal World Cup collectible card, clean premium border, clear player portrait, reduced light effects. Country palette: white, deep navy, red, silver. Use the unified card system inspired by the local Rare template reference (assets/card_templates/sample-rare-diogo-costa.png): Layer 1 background and border, Layer 2 player portrait, Layer 3 UI information; keep the face and upper body clear. Visible card text only: ""乔丹·皮克福德"", ""PICKFORD Jordan"", ""England"", ""#1"", ""GK"", ""Rare"", ""2026 World Cup"", ""CAN / MEX / USA 2026"". Output filename: pickford-jordan.png. Intended path: public/cards/england/pickford-jordan.png. Strictly avoid UEFA EURO, EURO 2024, Qatar 2022, 2022 World Cup, ability values, attack/defense/speed attributes, FUT-style attribute panels, titles, codenames, slogans, short descriptive copy, club logos, sponsor logos, watermarks, extra random text, and misspelled tournament branding."
"England","埃兹里·孔萨","KONSA Ezri","2","DF","Common","P3","public/cards/england/konsa-ezri.png","Create one complete vertical 2:3 AI-generated 2026 World Cup football collectible card for KONSA Ezri / 埃兹里·孔萨. National team: England. Jersey: England white home jersey with deep navy and red accents. Shirt number: #2. Position: DF. Portrait direction: create an original footballer portrait with a similar playing-role energy and public vibe to KONSA Ezri, but do not request or imply an exact likeness, identity-copy, or real photo replication. Rarity: Common. Visual strength: 40% luxury. Design language: white-silver clean World Cup collectible card, simple but still premium, clear player portrait, minimal glow. Country palette: white, deep navy, red, silver. Use the unified card system inspired by the local Common template reference (assets/card_templates/sample-common-nelson-semedo.png): Layer 1 background and border, Layer 2 player portrait, Layer 3 UI information; keep the face and upper body clear. Visible card text only: ""埃兹里·孔萨"", ""KONSA Ezri"", ""England"", ""#2"", ""DF"", ""Common"", ""2026 World Cup"", ""CAN / MEX / USA 2026"". Output filename: konsa-ezri.png. Intended path: public/cards/england/konsa-ezri.png. Strictly avoid UEFA EURO, EURO 2024, Qatar 2022, 2022 World Cup, ability values, attack/defense/speed attributes, FUT-style attribute panels, titles, codenames, slogans, short descriptive copy, club logos, sponsor logos, watermarks, extra random text, and misspelled tournament branding."
"England","尼科·奥赖利","OREILLY Nico","3","DF","Common","P3","public/cards/england/oreilly-nico.png","Create one complete vertical 2:3 AI-generated 2026 World Cup football collectible card for OREILLY Nico / 尼科·奥赖利. National team: England. Jersey: England white home jersey with deep navy and red accents. Shirt number: #3. Position: DF. Portrait direction: create an original footballer portrait with a similar playing-role energy and public vibe to OREILLY Nico, but do not request or imply an exact likeness, identity-copy, or real photo replication. Rarity: Common. Visual strength: 40% luxury. Design language: white-silver clean World Cup collectible card, simple but still premium, clear player portrait, minimal glow. Country palette: white, deep navy, red, silver. Use the unified card system inspired by the local Common template reference (assets/card_templates/sample-common-nelson-semedo.png): Layer 1 background and border, Layer 2 player portrait, Layer 3 UI information; keep the face and upper body clear. Visible card text only: ""尼科·奥赖利"", ""OREILLY Nico"", ""England"", ""#3"", ""DF"", ""Common"", ""2026 World Cup"", ""CAN / MEX / USA 2026"". Output filename: oreilly-nico.png. Intended path: public/cards/england/oreilly-nico.png. Strictly avoid UEFA EURO, EURO 2024, Qatar 2022, 2022 World Cup, ability values, attack/defense/speed attributes, FUT-style attribute panels, titles, codenames, slogans, short descriptive copy, club logos, sponsor logos, watermarks, extra random text, and misspelled tournament branding."
"England","德克兰·赖斯","RICE Declan","4","MF","Epic","P0","public/cards/england/rice.png","Create one complete vertical 2:3 AI-generated 2026 World Cup football collectible card for RICE Declan / 德克兰·赖斯. National team: England. Jersey: England white home jersey with deep navy and red accents. Shirt number: #4. Position: MF. Portrait direction: create an original footballer portrait with a similar playing-role energy and public vibe to RICE Declan, but do not request or imply an exact likeness, identity-copy, or real photo replication. Rarity: Epic. Visual strength: 80% luxury. Design language: purple-gold and national-team energy card, star-player poster feeling, strong but controlled glow, premium gem-like border. Country palette: white, deep navy, red, silver. Use the unified card system inspired by the local Epic template reference (assets/card_templates/sample-epic-bruno.png): Layer 1 background and border, Layer 2 player portrait, Layer 3 UI information; keep the face and upper body clear. Visible card text only: ""德克兰·赖斯"", ""RICE Declan"", ""England"", ""#4"", ""MF"", ""Epic"", ""2026 World Cup"", ""CAN / MEX / USA 2026"". Output filename: rice.png. Intended path: public/cards/england/rice.png. Strictly avoid UEFA EURO, EURO 2024, Qatar 2022, 2022 World Cup, ability values, attack/defense/speed attributes, FUT-style attribute panels, titles, codenames, slogans, short descriptive copy, club logos, sponsor logos, watermarks, extra random text, and misspelled tournament branding."
"England","约翰·斯通斯","STONES John","5","DF","Rare","P2","public/cards/england/stones-john.png","Create one complete vertical 2:3 AI-generated 2026 World Cup football collectible card for STONES John / 约翰·斯通斯. National team: England. Jersey: England white home jersey with deep navy and red accents. Shirt number: #5. Position: DF. Portrait direction: create an original footballer portrait with a similar playing-role energy and public vibe to STONES John, but do not request or imply an exact likeness, identity-copy, or real photo replication. Rarity: Rare. Visual strength: 60% luxury. Design language: blue-silver formal World Cup collectible card, clean premium border, clear player portrait, reduced light effects. Country palette: white, deep navy, red, silver. Use the unified card system inspired by the local Rare template reference (assets/card_templates/sample-rare-diogo-costa.png): Layer 1 background and border, Layer 2 player portrait, Layer 3 UI information; keep the face and upper body clear. Visible card text only: ""约翰·斯通斯"", ""STONES John"", ""England"", ""#5"", ""DF"", ""Rare"", ""2026 World Cup"", ""CAN / MEX / USA 2026"". Output filename: stones-john.png. Intended path: public/cards/england/stones-john.png. Strictly avoid UEFA EURO, EURO 2024, Qatar 2022, 2022 World Cup, ability values, attack/defense/speed attributes, FUT-style attribute panels, titles, codenames, slogans, short descriptive copy, club logos, sponsor logos, watermarks, extra random text, and misspelled tournament branding."
"England","马克·格伊","GUEHI Marc","6","DF","Rare","P2","public/cards/england/guehi-marc.png","Create one complete vertical 2:3 AI-generated 2026 World Cup football collectible card for GUEHI Marc / 马克·格伊. National team: England. Jersey: England white home jersey with deep navy and red accents. Shirt number: #6. Position: DF. Portrait direction: create an original footballer portrait with a similar playing-role energy and public vibe to GUEHI Marc, but do not request or imply an exact likeness, identity-copy, or real photo replication. Rarity: Rare. Visual strength: 60% luxury. Design language: blue-silver formal World Cup collectible card, clean premium border, clear player portrait, reduced light effects. Country palette: white, deep navy, red, silver. Use the unified card system inspired by the local Rare template reference (assets/card_templates/sample-rare-diogo-costa.png): Layer 1 background and border, Layer 2 player portrait, Layer 3 UI information; keep the face and upper body clear. Visible card text only: ""马克·格伊"", ""GUEHI Marc"", ""England"", ""#6"", ""DF"", ""Rare"", ""2026 World Cup"", ""CAN / MEX / USA 2026"". Output filename: guehi-marc.png. Intended path: public/cards/england/guehi-marc.png. Strictly avoid UEFA EURO, EURO 2024, Qatar 2022, 2022 World Cup, ability values, attack/defense/speed attributes, FUT-style attribute panels, titles, codenames, slogans, short descriptive copy, club logos, sponsor logos, watermarks, extra random text, and misspelled tournament branding."
"England","布卡约·萨卡","SAKA Bukayo","7","FW","Epic","P0","public/cards/england/saka.png","Create one complete vertical 2:3 AI-generated 2026 World Cup football collectible card for SAKA Bukayo / 布卡约·萨卡. National team: England. Jersey: England white home jersey with deep navy and red accents. Shirt number: #7. Position: FW. Portrait direction: create an original footballer portrait with a similar playing-role energy and public vibe to SAKA Bukayo, but do not request or imply an exact likeness, identity-copy, or real photo replication. Rarity: Epic. Visual strength: 80% luxury. Design language: purple-gold and national-team energy card, star-player poster feeling, strong but controlled glow, premium gem-like border. Country palette: white, deep navy, red, silver. Use the unified card system inspired by the local Epic template reference (assets/card_templates/sample-epic-bruno.png): Layer 1 background and border, Layer 2 player portrait, Layer 3 UI information; keep the face and upper body clear. Visible card text only: ""布卡约·萨卡"", ""SAKA Bukayo"", ""England"", ""#7"", ""FW"", ""Epic"", ""2026 World Cup"", ""CAN / MEX / USA 2026"". Output filename: saka.png. Intended path: public/cards/england/saka.png. Strictly avoid UEFA EURO, EURO 2024, Qatar 2022, 2022 World Cup, ability values, attack/defense/speed attributes, FUT-style attribute panels, titles, codenames, slogans, short descriptive copy, club logos, sponsor logos, watermarks, extra random text, and misspelled tournament branding."
"England","埃利奥特·安德森","ANDERSON Elliot","8","MF","Common","P3","public/cards/england/anderson-elliot.png","Create one complete vertical 2:3 AI-generated 2026 World Cup football collectible card for ANDERSON Elliot / 埃利奥特·安德森. National team: England. Jersey: England white home jersey with deep navy and red accents. Shirt number: #8. Position: MF. Portrait direction: create an original footballer portrait with a similar playing-role energy and public vibe to ANDERSON Elliot, but do not request or imply an exact likeness, identity-copy, or real photo replication. Rarity: Common. Visual strength: 40% luxury. Design language: white-silver clean World Cup collectible card, simple but still premium, clear player portrait, minimal glow. Country palette: white, deep navy, red, silver. Use the unified card system inspired by the local Common template reference (assets/card_templates/sample-common-nelson-semedo.png): Layer 1 background and border, Layer 2 player portrait, Layer 3 UI information; keep the face and upper body clear. Visible card text only: ""埃利奥特·安德森"", ""ANDERSON Elliot"", ""England"", ""#8"", ""MF"", ""Common"", ""2026 World Cup"", ""CAN / MEX / USA 2026"". Output filename: anderson-elliot.png. Intended path: public/cards/england/anderson-elliot.png. Strictly avoid UEFA EURO, EURO 2024, Qatar 2022, 2022 World Cup, ability values, attack/defense/speed attributes, FUT-style attribute panels, titles, codenames, slogans, short descriptive copy, club logos, sponsor logos, watermarks, extra random text, and misspelled tournament branding."
"England","哈里·凯恩","KANE Harry","9","FW","Legend","P0","public/cards/england/kane.png","Create one complete vertical 2:3 AI-generated 2026 World Cup football collectible card for KANE Harry / 哈里·凯恩. National team: England. Jersey: England white home jersey with deep navy and red accents. Shirt number: #9. Position: FW. Portrait direction: create an original footballer portrait with a similar playing-role energy and public vibe to KANE Harry, but do not request or imply an exact likeness, identity-copy, or real photo replication. Rarity: Legend. Visual strength: 100% luxury. Design language: black-and-gold cinematic national glory card, ornate premium border, strongest golden light, highest rarity, dramatic stadium atmosphere. Country palette: white, deep navy, red, silver. Use the unified card system inspired by the local Legend template reference (assets/card_templates/sample-legend-ronaldo.png): Layer 1 background and border, Layer 2 player portrait, Layer 3 UI information; keep the face and upper body clear. Visible card text only: ""哈里·凯恩"", ""KANE Harry"", ""England"", ""#9"", ""FW"", ""Legend"", ""2026 World Cup"", ""CAN / MEX / USA 2026"". Output filename: kane.png. Intended path: public/cards/england/kane.png. Strictly avoid UEFA EURO, EURO 2024, Qatar 2022, 2022 World Cup, ability values, attack/defense/speed attributes, FUT-style attribute panels, titles, codenames, slogans, short descriptive copy, club logos, sponsor logos, watermarks, extra random text, and misspelled tournament branding."
"England","裘德·贝林厄姆","BELLINGHAM Jude","10","MF","Epic","P0","public/cards/england/bellingham.png","Create one complete vertical 2:3 AI-generated 2026 World Cup football collectible card for BELLINGHAM Jude / 裘德·贝林厄姆. National team: England. Jersey: England white home jersey with deep navy and red accents. Shirt number: #10. Position: MF. Portrait direction: create an original footballer portrait with a similar playing-role energy and public vibe to BELLINGHAM Jude, but do not request or imply an exact likeness, identity-copy, or real photo replication. Rarity: Epic. Visual strength: 80% luxury. Design language: purple-gold and national-team energy card, star-player poster feeling, strong but controlled glow, premium gem-like border. Country palette: white, deep navy, red, silver. Use the unified card system inspired by the local Epic template reference (assets/card_templates/sample-epic-bruno.png): Layer 1 background and border, Layer 2 player portrait, Layer 3 UI information; keep the face and upper body clear. Visible card text only: ""裘德·贝林厄姆"", ""BELLINGHAM Jude"", ""England"", ""#10"", ""MF"", ""Epic"", ""2026 World Cup"", ""CAN / MEX / USA 2026"". Output filename: bellingham.png. Intended path: public/cards/england/bellingham.png. Strictly avoid UEFA EURO, EURO 2024, Qatar 2022, 2022 World Cup, ability values, attack/defense/speed attributes, FUT-style attribute panels, titles, codenames, slogans, short descriptive copy, club logos, sponsor logos, watermarks, extra random text, and misspelled tournament branding."
"England","马库斯·拉什福德","RASHFORD Marcus","11","FW","Epic","P1","public/cards/england/rashford-marcus.png","Create one complete vertical 2:3 AI-generated 2026 World Cup football collectible card for RASHFORD Marcus / 马库斯·拉什福德. National team: England. Jersey: England white home jersey with deep navy and red accents. Shirt number: #11. Position: FW. Portrait direction: create an original footballer portrait with a similar playing-role energy and public vibe to RASHFORD Marcus, but do not request or imply an exact likeness, identity-copy, or real photo replication. Rarity: Epic. Visual strength: 80% luxury. Design language: purple-gold and national-team energy card, star-player poster feeling, strong but controlled glow, premium gem-like border. Country palette: white, deep navy, red, silver. Use the unified card system inspired by the local Epic template reference (assets/card_templates/sample-epic-bruno.png): Layer 1 background and border, Layer 2 player portrait, Layer 3 UI information; keep the face and upper body clear. Visible card text only: ""马库斯·拉什福德"", ""RASHFORD Marcus"", ""England"", ""#11"", ""FW"", ""Epic"", ""2026 World Cup"", ""CAN / MEX / USA 2026"". Output filename: rashford-marcus.png. Intended path: public/cards/england/rashford-marcus.png. Strictly avoid UEFA EURO, EURO 2024, Qatar 2022, 2022 World Cup, ability values, attack/defense/speed attributes, FUT-style attribute panels, titles, codenames, slogans, short descriptive copy, club logos, sponsor logos, watermarks, extra random text, and misspelled tournament branding."
"England","特雷沃·查洛巴","CHALOBAH Trevoh","12","DF","Common","P3","public/cards/england/chalobah-trevoh.png","Create one complete vertical 2:3 AI-generated 2026 World Cup football collectible card for CHALOBAH Trevoh / 特雷沃·查洛巴. National team: England. Jersey: England white home jersey with deep navy and red accents. Shirt number: #12. Position: DF. Portrait direction: create an original footballer portrait with a similar playing-role energy and public vibe to CHALOBAH Trevoh, but do not request or imply an exact likeness, identity-copy, or real photo replication. Rarity: Common. Visual strength: 40% luxury. Design language: white-silver clean World Cup collectible card, simple but still premium, clear player portrait, minimal glow. Country palette: white, deep navy, red, silver. Use the unified card system inspired by the local Common template reference (assets/card_templates/sample-common-nelson-semedo.png): Layer 1 background and border, Layer 2 player portrait, Layer 3 UI information; keep the face and upper body clear. Visible card text only: ""特雷沃·查洛巴"", ""CHALOBAH Trevoh"", ""England"", ""#12"", ""DF"", ""Common"", ""2026 World Cup"", ""CAN / MEX / USA 2026"". Output filename: chalobah-trevoh.png. Intended path: public/cards/england/chalobah-trevoh.png. Strictly avoid UEFA EURO, EURO 2024, Qatar 2022, 2022 World Cup, ability values, attack/defense/speed attributes, FUT-style attribute panels, titles, codenames, slogans, short descriptive copy, club logos, sponsor logos, watermarks, extra random text, and misspelled tournament branding."
"England","迪恩·亨德森","HENDERSON Dean","13","GK","Common","P3","public/cards/england/henderson-dean.png","Create one complete vertical 2:3 AI-generated 2026 World Cup football collectible card for HENDERSON Dean / 迪恩·亨德森. National team: England. Jersey: England white home jersey with deep navy and red accents. Shirt number: #13. Position: GK. Portrait direction: create an original footballer portrait with a similar playing-role energy and public vibe to HENDERSON Dean, but do not request or imply an exact likeness, identity-copy, or real photo replication. Rarity: Common. Visual strength: 40% luxury. Design language: white-silver clean World Cup collectible card, simple but still premium, clear player portrait, minimal glow. Country palette: white, deep navy, red, silver. Use the unified card system inspired by the local Common template reference (assets/card_templates/sample-common-nelson-semedo.png): Layer 1 background and border, Layer 2 player portrait, Layer 3 UI information; keep the face and upper body clear. Visible card text only: ""迪恩·亨德森"", ""HENDERSON Dean"", ""England"", ""#13"", ""GK"", ""Common"", ""2026 World Cup"", ""CAN / MEX / USA 2026"". Output filename: henderson-dean.png. Intended path: public/cards/england/henderson-dean.png. Strictly avoid UEFA EURO, EURO 2024, Qatar 2022, 2022 World Cup, ability values, attack/defense/speed attributes, FUT-style attribute panels, titles, codenames, slogans, short descriptive copy, club logos, sponsor logos, watermarks, extra random text, and misspelled tournament branding."
"England","乔丹·亨德森","HENDERSON Jordan","14","MF","Common","P3","public/cards/england/henderson-jordan.png","Create one complete vertical 2:3 AI-generated 2026 World Cup football collectible card for HENDERSON Jordan / 乔丹·亨德森. National team: England. Jersey: England white home jersey with deep navy and red accents. Shirt number: #14. Position: MF. Portrait direction: create an original footballer portrait with a similar playing-role energy and public vibe to HENDERSON Jordan, but do not request or imply an exact likeness, identity-copy, or real photo replication. Rarity: Common. Visual strength: 40% luxury. Design language: white-silver clean World Cup collectible card, simple but still premium, clear player portrait, minimal glow. Country palette: white, deep navy, red, silver. Use the unified card system inspired by the local Common template reference (assets/card_templates/sample-common-nelson-semedo.png): Layer 1 background and border, Layer 2 player portrait, Layer 3 UI information; keep the face and upper body clear. Visible card text only: ""乔丹·亨德森"", ""HENDERSON Jordan"", ""England"", ""#14"", ""MF"", ""Common"", ""2026 World Cup"", ""CAN / MEX / USA 2026"". Output filename: henderson-jordan.png. Intended path: public/cards/england/henderson-jordan.png. Strictly avoid UEFA EURO, EURO 2024, Qatar 2022, 2022 World Cup, ability values, attack/defense/speed attributes, FUT-style attribute panels, titles, codenames, slogans, short descriptive copy, club logos, sponsor logos, watermarks, extra random text, and misspelled tournament branding."
"England","丹·伯恩","BURN Dan","15","DF","Common","P3","public/cards/england/burn-dan.png","Create one complete vertical 2:3 AI-generated 2026 World Cup football collectible card for BURN Dan / 丹·伯恩. National team: England. Jersey: England white home jersey with deep navy and red accents. Shirt number: #15. Position: DF. Portrait direction: create an original footballer portrait with a similar playing-role energy and public vibe to BURN Dan, but do not request or imply an exact likeness, identity-copy, or real photo replication. Rarity: Common. Visual strength: 40% luxury. Design language: white-silver clean World Cup collectible card, simple but still premium, clear player portrait, minimal glow. Country palette: white, deep navy, red, silver. Use the unified card system inspired by the local Common template reference (assets/card_templates/sample-common-nelson-semedo.png): Layer 1 background and border, Layer 2 player portrait, Layer 3 UI information; keep the face and upper body clear. Visible card text only: ""丹·伯恩"", ""BURN Dan"", ""England"", ""#15"", ""DF"", ""Common"", ""2026 World Cup"", ""CAN / MEX / USA 2026"". Output filename: burn-dan.png. Intended path: public/cards/england/burn-dan.png. Strictly avoid UEFA EURO, EURO 2024, Qatar 2022, 2022 World Cup, ability values, attack/defense/speed attributes, FUT-style attribute panels, titles, codenames, slogans, short descriptive copy, club logos, sponsor logos, watermarks, extra random text, and misspelled tournament branding."
"England","科比·梅努","MAINOO Kobbie","16","MF","Common","P3","public/cards/england/mainoo-kobbie.png","Create one complete vertical 2:3 AI-generated 2026 World Cup football collectible card for MAINOO Kobbie / 科比·梅努. National team: England. Jersey: England white home jersey with deep navy and red accents. Shirt number: #16. Position: MF. Portrait direction: create an original footballer portrait with a similar playing-role energy and public vibe to MAINOO Kobbie, but do not request or imply an exact likeness, identity-copy, or real photo replication. Rarity: Common. Visual strength: 40% luxury. Design language: white-silver clean World Cup collectible card, simple but still premium, clear player portrait, minimal glow. Country palette: white, deep navy, red, silver. Use the unified card system inspired by the local Common template reference (assets/card_templates/sample-common-nelson-semedo.png): Layer 1 background and border, Layer 2 player portrait, Layer 3 UI information; keep the face and upper body clear. Visible card text only: ""科比·梅努"", ""MAINOO Kobbie"", ""England"", ""#16"", ""MF"", ""Common"", ""2026 World Cup"", ""CAN / MEX / USA 2026"". Output filename: mainoo-kobbie.png. Intended path: public/cards/england/mainoo-kobbie.png. Strictly avoid UEFA EURO, EURO 2024, Qatar 2022, 2022 World Cup, ability values, attack/defense/speed attributes, FUT-style attribute panels, titles, codenames, slogans, short descriptive copy, club logos, sponsor logos, watermarks, extra random text, and misspelled tournament branding."
"England","摩根·罗杰斯","ROGERS Morgan","17","MF","Common","P3","public/cards/england/rogers-morgan.png","Create one complete vertical 2:3 AI-generated 2026 World Cup football collectible card for ROGERS Morgan / 摩根·罗杰斯. National team: England. Jersey: England white home jersey with deep navy and red accents. Shirt number: #17. Position: MF. Portrait direction: create an original footballer portrait with a similar playing-role energy and public vibe to ROGERS Morgan, but do not request or imply an exact likeness, identity-copy, or real photo replication. Rarity: Common. Visual strength: 40% luxury. Design language: white-silver clean World Cup collectible card, simple but still premium, clear player portrait, minimal glow. Country palette: white, deep navy, red, silver. Use the unified card system inspired by the local Common template reference (assets/card_templates/sample-common-nelson-semedo.png): Layer 1 background and border, Layer 2 player portrait, Layer 3 UI information; keep the face and upper body clear. Visible card text only: ""摩根·罗杰斯"", ""ROGERS Morgan"", ""England"", ""#17"", ""MF"", ""Common"", ""2026 World Cup"", ""CAN / MEX / USA 2026"". Output filename: rogers-morgan.png. Intended path: public/cards/england/rogers-morgan.png. Strictly avoid UEFA EURO, EURO 2024, Qatar 2022, 2022 World Cup, ability values, attack/defense/speed attributes, FUT-style attribute panels, titles, codenames, slogans, short descriptive copy, club logos, sponsor logos, watermarks, extra random text, and misspelled tournament branding."
"England","安东尼·戈登","GORDON Anthony","18","FW","Common","P3","public/cards/england/gordon-anthony.png","Create one complete vertical 2:3 AI-generated 2026 World Cup football collectible card for GORDON Anthony / 安东尼·戈登. National team: England. Jersey: England white home jersey with deep navy and red accents. Shirt number: #18. Position: FW. Portrait direction: create an original footballer portrait with a similar playing-role energy and public vibe to GORDON Anthony, but do not request or imply an exact likeness, identity-copy, or real photo replication. Rarity: Common. Visual strength: 40% luxury. Design language: white-silver clean World Cup collectible card, simple but still premium, clear player portrait, minimal glow. Country palette: white, deep navy, red, silver. Use the unified card system inspired by the local Common template reference (assets/card_templates/sample-common-nelson-semedo.png): Layer 1 background and border, Layer 2 player portrait, Layer 3 UI information; keep the face and upper body clear. Visible card text only: ""安东尼·戈登"", ""GORDON Anthony"", ""England"", ""#18"", ""FW"", ""Common"", ""2026 World Cup"", ""CAN / MEX / USA 2026"". Output filename: gordon-anthony.png. Intended path: public/cards/england/gordon-anthony.png. Strictly avoid UEFA EURO, EURO 2024, Qatar 2022, 2022 World Cup, ability values, attack/defense/speed attributes, FUT-style attribute panels, titles, codenames, slogans, short descriptive copy, club logos, sponsor logos, watermarks, extra random text, and misspelled tournament branding."
"England","奥利·沃特金斯","WATKINS Ollie","19","FW","Rare","P2","public/cards/england/watkins-ollie.png","Create one complete vertical 2:3 AI-generated 2026 World Cup football collectible card for WATKINS Ollie / 奥利·沃特金斯. National team: England. Jersey: England white home jersey with deep navy and red accents. Shirt number: #19. Position: FW. Portrait direction: create an original footballer portrait with a similar playing-role energy and public vibe to WATKINS Ollie, but do not request or imply an exact likeness, identity-copy, or real photo replication. Rarity: Rare. Visual strength: 60% luxury. Design language: blue-silver formal World Cup collectible card, clean premium border, clear player portrait, reduced light effects. Country palette: white, deep navy, red, silver. Use the unified card system inspired by the local Rare template reference (assets/card_templates/sample-rare-diogo-costa.png): Layer 1 background and border, Layer 2 player portrait, Layer 3 UI information; keep the face and upper body clear. Visible card text only: ""奥利·沃特金斯"", ""WATKINS Ollie"", ""England"", ""#19"", ""FW"", ""Rare"", ""2026 World Cup"", ""CAN / MEX / USA 2026"". Output filename: watkins-ollie.png. Intended path: public/cards/england/watkins-ollie.png. Strictly avoid UEFA EURO, EURO 2024, Qatar 2022, 2022 World Cup, ability values, attack/defense/speed attributes, FUT-style attribute panels, titles, codenames, slogans, short descriptive copy, club logos, sponsor logos, watermarks, extra random text, and misspelled tournament branding."
"England","诺尼·马杜埃凯","MADUEKE Noni","20","FW","Common","P3","public/cards/england/madueke-noni.png","Create one complete vertical 2:3 AI-generated 2026 World Cup football collectible card for MADUEKE Noni / 诺尼·马杜埃凯. National team: England. Jersey: England white home jersey with deep navy and red accents. Shirt number: #20. Position: FW. Portrait direction: create an original footballer portrait with a similar playing-role energy and public vibe to MADUEKE Noni, but do not request or imply an exact likeness, identity-copy, or real photo replication. Rarity: Common. Visual strength: 40% luxury. Design language: white-silver clean World Cup collectible card, simple but still premium, clear player portrait, minimal glow. Country palette: white, deep navy, red, silver. Use the unified card system inspired by the local Common template reference (assets/card_templates/sample-common-nelson-semedo.png): Layer 1 background and border, Layer 2 player portrait, Layer 3 UI information; keep the face and upper body clear. Visible card text only: ""诺尼·马杜埃凯"", ""MADUEKE Noni"", ""England"", ""#20"", ""FW"", ""Common"", ""2026 World Cup"", ""CAN / MEX / USA 2026"". Output filename: madueke-noni.png. Intended path: public/cards/england/madueke-noni.png. Strictly avoid UEFA EURO, EURO 2024, Qatar 2022, 2022 World Cup, ability values, attack/defense/speed attributes, FUT-style attribute panels, titles, codenames, slogans, short descriptive copy, club logos, sponsor logos, watermarks, extra random text, and misspelled tournament branding."
"England","埃贝雷奇·埃泽","EZE Eberechi","21","MF","Rare","P2","public/cards/england/eze-eberechi.png","Create one complete vertical 2:3 AI-generated 2026 World Cup football collectible card for EZE Eberechi / 埃贝雷奇·埃泽. National team: England. Jersey: England white home jersey with deep navy and red accents. Shirt number: #21. Position: MF. Portrait direction: create an original footballer portrait with a similar playing-role energy and public vibe to EZE Eberechi, but do not request or imply an exact likeness, identity-copy, or real photo replication. Rarity: Rare. Visual strength: 60% luxury. Design language: blue-silver formal World Cup collectible card, clean premium border, clear player portrait, reduced light effects. Country palette: white, deep navy, red, silver. Use the unified card system inspired by the local Rare template reference (assets/card_templates/sample-rare-diogo-costa.png): Layer 1 background and border, Layer 2 player portrait, Layer 3 UI information; keep the face and upper body clear. Visible card text only: ""埃贝雷奇·埃泽"", ""EZE Eberechi"", ""England"", ""#21"", ""MF"", ""Rare"", ""2026 World Cup"", ""CAN / MEX / USA 2026"". Output filename: eze-eberechi.png. Intended path: public/cards/england/eze-eberechi.png. Strictly avoid UEFA EURO, EURO 2024, Qatar 2022, 2022 World Cup, ability values, attack/defense/speed attributes, FUT-style attribute panels, titles, codenames, slogans, short descriptive copy, club logos, sponsor logos, watermarks, extra random text, and misspelled tournament branding."
"England","伊万·托尼","TONEY Ivan","22","FW","Common","P3","public/cards/england/toney-ivan.png","Create one complete vertical 2:3 AI-generated 2026 World Cup football collectible card for TONEY Ivan / 伊万·托尼. National team: England. Jersey: England white home jersey with deep navy and red accents. Shirt number: #22. Position: FW. Portrait direction: create an original footballer portrait with a similar playing-role energy and public vibe to TONEY Ivan, but do not request or imply an exact likeness, identity-copy, or real photo replication. Rarity: Common. Visual strength: 40% luxury. Design language: white-silver clean World Cup collectible card, simple but still premium, clear player portrait, minimal glow. Country palette: white, deep navy, red, silver. Use the unified card system inspired by the local Common template reference (assets/card_templates/sample-common-nelson-semedo.png): Layer 1 background and border, Layer 2 player portrait, Layer 3 UI information; keep the face and upper body clear. Visible card text only: ""伊万·托尼"", ""TONEY Ivan"", ""England"", ""#22"", ""FW"", ""Common"", ""2026 World Cup"", ""CAN / MEX / USA 2026"". Output filename: toney-ivan.png. Intended path: public/cards/england/toney-ivan.png. Strictly avoid UEFA EURO, EURO 2024, Qatar 2022, 2022 World Cup, ability values, attack/defense/speed attributes, FUT-style attribute panels, titles, codenames, slogans, short descriptive copy, club logos, sponsor logos, watermarks, extra random text, and misspelled tournament branding."
"England","詹姆斯·特拉福德","TRAFFORD James","23","GK","Common","P3","public/cards/england/trafford-james.png","Create one complete vertical 2:3 AI-generated 2026 World Cup football collectible card for TRAFFORD James / 詹姆斯·特拉福德. National team: England. Jersey: England white home jersey with deep navy and red accents. Shirt number: #23. Position: GK. Portrait direction: create an original footballer portrait with a similar playing-role energy and public vibe to TRAFFORD James, but do not request or imply an exact likeness, identity-copy, or real photo replication. Rarity: Common. Visual strength: 40% luxury. Design language: white-silver clean World Cup collectible card, simple but still premium, clear player portrait, minimal glow. Country palette: white, deep navy, red, silver. Use the unified card system inspired by the local Common template reference (assets/card_templates/sample-common-nelson-semedo.png): Layer 1 background and border, Layer 2 player portrait, Layer 3 UI information; keep the face and upper body clear. Visible card text only: ""詹姆斯·特拉福德"", ""TRAFFORD James"", ""England"", ""#23"", ""GK"", ""Common"", ""2026 World Cup"", ""CAN / MEX / USA 2026"". Output filename: trafford-james.png. Intended path: public/cards/england/trafford-james.png. Strictly avoid UEFA EURO, EURO 2024, Qatar 2022, 2022 World Cup, ability values, attack/defense/speed attributes, FUT-style attribute panels, titles, codenames, slogans, short descriptive copy, club logos, sponsor logos, watermarks, extra random text, and misspelled tournament branding."
"England","里斯·詹姆斯","JAMES Reece","24","DF","Common","P3","public/cards/england/james-reece.png","Create one complete vertical 2:3 AI-generated 2026 World Cup football collectible card for JAMES Reece / 里斯·詹姆斯. National team: England. Jersey: England white home jersey with deep navy and red accents. Shirt number: #24. Position: DF. Portrait direction: create an original footballer portrait with a similar playing-role energy and public vibe to JAMES Reece, but do not request or imply an exact likeness, identity-copy, or real photo replication. Rarity: Common. Visual strength: 40% luxury. Design language: white-silver clean World Cup collectible card, simple but still premium, clear player portrait, minimal glow. Country palette: white, deep navy, red, silver. Use the unified card system inspired by the local Common template reference (assets/card_templates/sample-common-nelson-semedo.png): Layer 1 background and border, Layer 2 player portrait, Layer 3 UI information; keep the face and upper body clear. Visible card text only: ""里斯·詹姆斯"", ""JAMES Reece"", ""England"", ""#24"", ""DF"", ""Common"", ""2026 World Cup"", ""CAN / MEX / USA 2026"". Output filename: james-reece.png. Intended path: public/cards/england/james-reece.png. Strictly avoid UEFA EURO, EURO 2024, Qatar 2022, 2022 World Cup, ability values, attack/defense/speed attributes, FUT-style attribute panels, titles, codenames, slogans, short descriptive copy, club logos, sponsor logos, watermarks, extra random text, and misspelled tournament branding."
"England","杰德·斯彭斯","SPENCE Djed","25","DF","Common","P3","public/cards/england/spence-djed.png","Create one complete vertical 2:3 AI-generated 2026 World Cup football collectible card for SPENCE Djed / 杰德·斯彭斯. National team: England. Jersey: England white home jersey with deep navy and red accents. Shirt number: #25. Position: DF. Portrait direction: create an original footballer portrait with a similar playing-role energy and public vibe to SPENCE Djed, but do not request or imply an exact likeness, identity-copy, or real photo replication. Rarity: Common. Visual strength: 40% luxury. Design language: white-silver clean World Cup collectible card, simple but still premium, clear player portrait, minimal glow. Country palette: white, deep navy, red, silver. Use the unified card system inspired by the local Common template reference (assets/card_templates/sample-common-nelson-semedo.png): Layer 1 background and border, Layer 2 player portrait, Layer 3 UI information; keep the face and upper body clear. Visible card text only: ""杰德·斯彭斯"", ""SPENCE Djed"", ""England"", ""#25"", ""DF"", ""Common"", ""2026 World Cup"", ""CAN / MEX / USA 2026"". Output filename: spence-djed.png. Intended path: public/cards/england/spence-djed.png. Strictly avoid UEFA EURO, EURO 2024, Qatar 2022, 2022 World Cup, ability values, attack/defense/speed attributes, FUT-style attribute panels, titles, codenames, slogans, short descriptive copy, club logos, sponsor logos, watermarks, extra random text, and misspelled tournament branding."
"England","贾雷尔·宽萨","QUANSAH Jarell","26","DF","Common","P3","public/cards/england/quansah-jarell.png","Create one complete vertical 2:3 AI-generated 2026 World Cup football collectible card for QUANSAH Jarell / 贾雷尔·宽萨. National team: England. Jersey: England white home jersey with deep navy and red accents. Shirt number: #26. Position: DF. Portrait direction: create an original footballer portrait with a similar playing-role energy and public vibe to QUANSAH Jarell, but do not request or imply an exact likeness, identity-copy, or real photo replication. Rarity: Common. Visual strength: 40% luxury. Design language: white-silver clean World Cup collectible card, simple but still premium, clear player portrait, minimal glow. Country palette: white, deep navy, red, silver. Use the unified card system inspired by the local Common template reference (assets/card_templates/sample-common-nelson-semedo.png): Layer 1 background and border, Layer 2 player portrait, Layer 3 UI information; keep the face and upper body clear. Visible card text only: ""贾雷尔·宽萨"", ""QUANSAH Jarell"", ""England"", ""#26"", ""DF"", ""Common"", ""2026 World Cup"", ""CAN / MEX / USA 2026"". Output filename: quansah-jarell.png. Intended path: public/cards/england/quansah-jarell.png. Strictly avoid UEFA EURO, EURO 2024, Qatar 2022, 2022 World Cup, ability values, attack/defense/speed attributes, FUT-style attribute panels, titles, codenames, slogans, short descriptive copy, club logos, sponsor logos, watermarks, extra random text, and misspelled tournament branding."
"Netherlands","巴特·费尔布鲁根","VERBRUGGEN Bart","1","GK","Common","P3","public/cards/netherlands/verbruggen-bart.png","Create one complete vertical 2:3 AI-generated 2026 World Cup football collectible card for VERBRUGGEN Bart / 巴特·费尔布鲁根. National team: Netherlands. Jersey: Netherlands orange home jersey with white and deep navy accents. Shirt number: #1. Position: GK. Portrait direction: create an original footballer portrait with a similar playing-role energy and public vibe to VERBRUGGEN Bart, but do not request or imply an exact likeness, identity-copy, or real photo replication. Rarity: Common. Visual strength: 40% luxury. Design language: white-silver clean World Cup collectible card, simple but still premium, clear player portrait, minimal glow. Country palette: orange, white, deep navy, gold. Use the unified card system inspired by the local Common template reference (assets/card_templates/sample-common-nelson-semedo.png): Layer 1 background and border, Layer 2 player portrait, Layer 3 UI information; keep the face and upper body clear. Visible card text only: ""巴特·费尔布鲁根"", ""VERBRUGGEN Bart"", ""Netherlands"", ""#1"", ""GK"", ""Common"", ""2026 World Cup"", ""CAN / MEX / USA 2026"". Output filename: verbruggen-bart.png. Intended path: public/cards/netherlands/verbruggen-bart.png. Strictly avoid UEFA EURO, EURO 2024, Qatar 2022, 2022 World Cup, ability values, attack/defense/speed attributes, FUT-style attribute panels, titles, codenames, slogans, short descriptive copy, club logos, sponsor logos, watermarks, extra random text, and misspelled tournament branding."
"Netherlands","卢特沙雷尔·海特勒伊达","GEERTRUIDA Lutsharel","2","DF","Common","P3","public/cards/netherlands/geertruida-lutsharel.png","Create one complete vertical 2:3 AI-generated 2026 World Cup football collectible card for GEERTRUIDA Lutsharel / 卢特沙雷尔·海特勒伊达. National team: Netherlands. Jersey: Netherlands orange home jersey with white and deep navy accents. Shirt number: #2. Position: DF. Portrait direction: create an original footballer portrait with a similar playing-role energy and public vibe to GEERTRUIDA Lutsharel, but do not request or imply an exact likeness, identity-copy, or real photo replication. Rarity: Common. Visual strength: 40% luxury. Design language: white-silver clean World Cup collectible card, simple but still premium, clear player portrait, minimal glow. Country palette: orange, white, deep navy, gold. Use the unified card system inspired by the local Common template reference (assets/card_templates/sample-common-nelson-semedo.png): Layer 1 background and border, Layer 2 player portrait, Layer 3 UI information; keep the face and upper body clear. Visible card text only: ""卢特沙雷尔·海特勒伊达"", ""GEERTRUIDA Lutsharel"", ""Netherlands"", ""#2"", ""DF"", ""Common"", ""2026 World Cup"", ""CAN / MEX / USA 2026"". Output filename: geertruida-lutsharel.png. Intended path: public/cards/netherlands/geertruida-lutsharel.png. Strictly avoid UEFA EURO, EURO 2024, Qatar 2022, 2022 World Cup, ability values, attack/defense/speed attributes, FUT-style attribute panels, titles, codenames, slogans, short descriptive copy, club logos, sponsor logos, watermarks, extra random text, and misspelled tournament branding."
"Netherlands","马滕·德容","DE ROON Marten","3","MF","Common","P3","public/cards/netherlands/de-roon-marten.png","Create one complete vertical 2:3 AI-generated 2026 World Cup football collectible card for DE ROON Marten / 马滕·德容. National team: Netherlands. Jersey: Netherlands orange home jersey with white and deep navy accents. Shirt number: #3. Position: MF. Portrait direction: create an original footballer portrait with a similar playing-role energy and public vibe to DE ROON Marten, but do not request or imply an exact likeness, identity-copy, or real photo replication. Rarity: Common. Visual strength: 40% luxury. Design language: white-silver clean World Cup collectible card, simple but still premium, clear player portrait, minimal glow. Country palette: orange, white, deep navy, gold. Use the unified card system inspired by the local Common template reference (assets/card_templates/sample-common-nelson-semedo.png): Layer 1 background and border, Layer 2 player portrait, Layer 3 UI information; keep the face and upper body clear. Visible card text only: ""马滕·德容"", ""DE ROON Marten"", ""Netherlands"", ""#3"", ""MF"", ""Common"", ""2026 World Cup"", ""CAN / MEX / USA 2026"". Output filename: de-roon-marten.png. Intended path: public/cards/netherlands/de-roon-marten.png. Strictly avoid UEFA EURO, EURO 2024, Qatar 2022, 2022 World Cup, ability values, attack/defense/speed attributes, FUT-style attribute panels, titles, codenames, slogans, short descriptive copy, club logos, sponsor logos, watermarks, extra random text, and misspelled tournament branding."
"Netherlands","维吉尔·范戴克","VAN DIJK Virgil","4","DF","Legend","P0","public/cards/netherlands/vandijk.png","Create one complete vertical 2:3 AI-generated 2026 World Cup football collectible card for VAN DIJK Virgil / 维吉尔·范戴克. National team: Netherlands. Jersey: Netherlands orange home jersey with white and deep navy accents. Shirt number: #4. Position: DF. Portrait direction: create an original footballer portrait with a similar playing-role energy and public vibe to VAN DIJK Virgil, but do not request or imply an exact likeness, identity-copy, or real photo replication. Rarity: Legend. Visual strength: 100% luxury. Design language: black-and-gold cinematic national glory card, ornate premium border, strongest golden light, highest rarity, dramatic stadium atmosphere. Country palette: orange, white, deep navy, gold. Use the unified card system inspired by the local Legend template reference (assets/card_templates/sample-legend-ronaldo.png): Layer 1 background and border, Layer 2 player portrait, Layer 3 UI information; keep the face and upper body clear. Visible card text only: ""维吉尔·范戴克"", ""VAN DIJK Virgil"", ""Netherlands"", ""#4"", ""DF"", ""Legend"", ""2026 World Cup"", ""CAN / MEX / USA 2026"". Output filename: vandijk.png. Intended path: public/cards/netherlands/vandijk.png. Strictly avoid UEFA EURO, EURO 2024, Qatar 2022, 2022 World Cup, ability values, attack/defense/speed attributes, FUT-style attribute panels, titles, codenames, slogans, short descriptive copy, club logos, sponsor logos, watermarks, extra random text, and misspelled tournament branding."
"Netherlands","内森·阿克","AKE Nathan","5","DF","Rare","P2","public/cards/netherlands/ake-nathan.png","Create one complete vertical 2:3 AI-generated 2026 World Cup football collectible card for AKE Nathan / 内森·阿克. National team: Netherlands. Jersey: Netherlands orange home jersey with white and deep navy accents. Shirt number: #5. Position: DF. Portrait direction: create an original footballer portrait with a similar playing-role energy and public vibe to AKE Nathan, but do not request or imply an exact likeness, identity-copy, or real photo replication. Rarity: Rare. Visual strength: 60% luxury. Design language: blue-silver formal World Cup collectible card, clean premium border, clear player portrait, reduced light effects. Country palette: orange, white, deep navy, gold. Use the unified card system inspired by the local Rare template reference (assets/card_templates/sample-rare-diogo-costa.png): Layer 1 background and border, Layer 2 player portrait, Layer 3 UI information; keep the face and upper body clear. Visible card text only: ""内森·阿克"", ""AKE Nathan"", ""Netherlands"", ""#5"", ""DF"", ""Rare"", ""2026 World Cup"", ""CAN / MEX / USA 2026"". Output filename: ake-nathan.png. Intended path: public/cards/netherlands/ake-nathan.png. Strictly avoid UEFA EURO, EURO 2024, Qatar 2022, 2022 World Cup, ability values, attack/defense/speed attributes, FUT-style attribute panels, titles, codenames, slogans, short descriptive copy, club logos, sponsor logos, watermarks, extra random text, and misspelled tournament branding."
"Netherlands","扬·保罗·范赫克","VAN HECKE Jan Paul","6","DF","Common","P3","public/cards/netherlands/van-hecke-jan-paul.png","Create one complete vertical 2:3 AI-generated 2026 World Cup football collectible card for VAN HECKE Jan Paul / 扬·保罗·范赫克. National team: Netherlands. Jersey: Netherlands orange home jersey with white and deep navy accents. Shirt number: #6. Position: DF. Portrait direction: create an original footballer portrait with a similar playing-role energy and public vibe to VAN HECKE Jan Paul, but do not request or imply an exact likeness, identity-copy, or real photo replication. Rarity: Common. Visual strength: 40% luxury. Design language: white-silver clean World Cup collectible card, simple but still premium, clear player portrait, minimal glow. Country palette: orange, white, deep navy, gold. Use the unified card system inspired by the local Common template reference (assets/card_templates/sample-common-nelson-semedo.png): Layer 1 background and border, Layer 2 player portrait, Layer 3 UI information; keep the face and upper body clear. Visible card text only: ""扬·保罗·范赫克"", ""VAN HECKE Jan Paul"", ""Netherlands"", ""#6"", ""DF"", ""Common"", ""2026 World Cup"", ""CAN / MEX / USA 2026"". Output filename: van-hecke-jan-paul.png. Intended path: public/cards/netherlands/van-hecke-jan-paul.png. Strictly avoid UEFA EURO, EURO 2024, Qatar 2022, 2022 World Cup, ability values, attack/defense/speed attributes, FUT-style attribute panels, titles, codenames, slogans, short descriptive copy, club logos, sponsor logos, watermarks, extra random text, and misspelled tournament branding."
"Netherlands","贾斯汀·克鲁伊维特","KLUIVERT Justin","7","MF","Common","P3","public/cards/netherlands/kluivert-justin.png","Create one complete vertical 2:3 AI-generated 2026 World Cup football collectible card for KLUIVERT Justin / 贾斯汀·克鲁伊维特. National team: Netherlands. Jersey: Netherlands orange home jersey with white and deep navy accents. Shirt number: #7. Position: MF. Portrait direction: create an original footballer portrait with a similar playing-role energy and public vibe to KLUIVERT Justin, but do not request or imply an exact likeness, identity-copy, or real photo replication. Rarity: Common. Visual strength: 40% luxury. Design language: white-silver clean World Cup collectible card, simple but still premium, clear player portrait, minimal glow. Country palette: orange, white, deep navy, gold. Use the unified card system inspired by the local Common template reference (assets/card_templates/sample-common-nelson-semedo.png): Layer 1 background and border, Layer 2 player portrait, Layer 3 UI information; keep the face and upper body clear. Visible card text only: ""贾斯汀·克鲁伊维特"", ""KLUIVERT Justin"", ""Netherlands"", ""#7"", ""MF"", ""Common"", ""2026 World Cup"", ""CAN / MEX / USA 2026"". Output filename: kluivert-justin.png. Intended path: public/cards/netherlands/kluivert-justin.png. Strictly avoid UEFA EURO, EURO 2024, Qatar 2022, 2022 World Cup, ability values, attack/defense/speed attributes, FUT-style attribute panels, titles, codenames, slogans, short descriptive copy, club logos, sponsor logos, watermarks, extra random text, and misspelled tournament branding."
"Netherlands","瑞安·赫拉芬贝赫","GRAVENBERCH Ryan","8","MF","Rare","P2","public/cards/netherlands/gravenberch-ryan.png","Create one complete vertical 2:3 AI-generated 2026 World Cup football collectible card for GRAVENBERCH Ryan / 瑞安·赫拉芬贝赫. National team: Netherlands. Jersey: Netherlands orange home jersey with white and deep navy accents. Shirt number: #8. Position: MF. Portrait direction: create an original footballer portrait with a similar playing-role energy and public vibe to GRAVENBERCH Ryan, but do not request or imply an exact likeness, identity-copy, or real photo replication. Rarity: Rare. Visual strength: 60% luxury. Design language: blue-silver formal World Cup collectible card, clean premium border, clear player portrait, reduced light effects. Country palette: orange, white, deep navy, gold. Use the unified card system inspired by the local Rare template reference (assets/card_templates/sample-rare-diogo-costa.png): Layer 1 background and border, Layer 2 player portrait, Layer 3 UI information; keep the face and upper body clear. Visible card text only: ""瑞安·赫拉芬贝赫"", ""GRAVENBERCH Ryan"", ""Netherlands"", ""#8"", ""MF"", ""Rare"", ""2026 World Cup"", ""CAN / MEX / USA 2026"". Output filename: gravenberch-ryan.png. Intended path: public/cards/netherlands/gravenberch-ryan.png. Strictly avoid UEFA EURO, EURO 2024, Qatar 2022, 2022 World Cup, ability values, attack/defense/speed attributes, FUT-style attribute panels, titles, codenames, slogans, short descriptive copy, club logos, sponsor logos, watermarks, extra random text, and misspelled tournament branding."
"Netherlands","沃特·韦霍斯特","WEGHORST Wout","9","FW","Common","P3","public/cards/netherlands/weghorst-wout.png","Create one complete vertical 2:3 AI-generated 2026 World Cup football collectible card for WEGHORST Wout / 沃特·韦霍斯特. National team: Netherlands. Jersey: Netherlands orange home jersey with white and deep navy accents. Shirt number: #9. Position: FW. Portrait direction: create an original footballer portrait with a similar playing-role energy and public vibe to WEGHORST Wout, but do not request or imply an exact likeness, identity-copy, or real photo replication. Rarity: Common. Visual strength: 40% luxury. Design language: white-silver clean World Cup collectible card, simple but still premium, clear player portrait, minimal glow. Country palette: orange, white, deep navy, gold. Use the unified card system inspired by the local Common template reference (assets/card_templates/sample-common-nelson-semedo.png): Layer 1 background and border, Layer 2 player portrait, Layer 3 UI information; keep the face and upper body clear. Visible card text only: ""沃特·韦霍斯特"", ""WEGHORST Wout"", ""Netherlands"", ""#9"", ""FW"", ""Common"", ""2026 World Cup"", ""CAN / MEX / USA 2026"". Output filename: weghorst-wout.png. Intended path: public/cards/netherlands/weghorst-wout.png. Strictly avoid UEFA EURO, EURO 2024, Qatar 2022, 2022 World Cup, ability values, attack/defense/speed attributes, FUT-style attribute panels, titles, codenames, slogans, short descriptive copy, club logos, sponsor logos, watermarks, extra random text, and misspelled tournament branding."
"Netherlands","孟菲斯·德佩","DEPAY Memphis","10","FW","Rare","P2","public/cards/netherlands/depay-memphis.png","Create one complete vertical 2:3 AI-generated 2026 World Cup football collectible card for DEPAY Memphis / 孟菲斯·德佩. National team: Netherlands. Jersey: Netherlands orange home jersey with white and deep navy accents. Shirt number: #10. Position: FW. Portrait direction: create an original footballer portrait with a similar playing-role energy and public vibe to DEPAY Memphis, but do not request or imply an exact likeness, identity-copy, or real photo replication. Rarity: Rare. Visual strength: 60% luxury. Design language: blue-silver formal World Cup collectible card, clean premium border, clear player portrait, reduced light effects. Country palette: orange, white, deep navy, gold. Use the unified card system inspired by the local Rare template reference (assets/card_templates/sample-rare-diogo-costa.png): Layer 1 background and border, Layer 2 player portrait, Layer 3 UI information; keep the face and upper body clear. Visible card text only: ""孟菲斯·德佩"", ""DEPAY Memphis"", ""Netherlands"", ""#10"", ""FW"", ""Rare"", ""2026 World Cup"", ""CAN / MEX / USA 2026"". Output filename: depay-memphis.png. Intended path: public/cards/netherlands/depay-memphis.png. Strictly avoid UEFA EURO, EURO 2024, Qatar 2022, 2022 World Cup, ability values, attack/defense/speed attributes, FUT-style attribute panels, titles, codenames, slogans, short descriptive copy, club logos, sponsor logos, watermarks, extra random text, and misspelled tournament branding."
"Netherlands","科迪·加克波","GAKPO Cody","11","FW","Epic","P0","public/cards/netherlands/gakpo.png","Create one complete vertical 2:3 AI-generated 2026 World Cup football collectible card for GAKPO Cody / 科迪·加克波. National team: Netherlands. Jersey: Netherlands orange home jersey with white and deep navy accents. Shirt number: #11. Position: FW. Portrait direction: create an original footballer portrait with a similar playing-role energy and public vibe to GAKPO Cody, but do not request or imply an exact likeness, identity-copy, or real photo replication. Rarity: Epic. Visual strength: 80% luxury. Design language: purple-gold and national-team energy card, star-player poster feeling, strong but controlled glow, premium gem-like border. Country palette: orange, white, deep navy, gold. Use the unified card system inspired by the local Epic template reference (assets/card_templates/sample-epic-bruno.png): Layer 1 background and border, Layer 2 player portrait, Layer 3 UI information; keep the face and upper body clear. Visible card text only: ""科迪·加克波"", ""GAKPO Cody"", ""Netherlands"", ""#11"", ""FW"", ""Epic"", ""2026 World Cup"", ""CAN / MEX / USA 2026"". Output filename: gakpo.png. Intended path: public/cards/netherlands/gakpo.png. Strictly avoid UEFA EURO, EURO 2024, Qatar 2022, 2022 World Cup, ability values, attack/defense/speed attributes, FUT-style attribute panels, titles, codenames, slogans, short descriptive copy, club logos, sponsor logos, watermarks, extra random text, and misspelled tournament branding."
"Netherlands","马茨·维弗","WIEFFER Mats","12","DF","Common","P3","public/cards/netherlands/wieffer-mats.png","Create one complete vertical 2:3 AI-generated 2026 World Cup football collectible card for WIEFFER Mats / 马茨·维弗. National team: Netherlands. Jersey: Netherlands orange home jersey with white and deep navy accents. Shirt number: #12. Position: DF. Portrait direction: create an original footballer portrait with a similar playing-role energy and public vibe to WIEFFER Mats, but do not request or imply an exact likeness, identity-copy, or real photo replication. Rarity: Common. Visual strength: 40% luxury. Design language: white-silver clean World Cup collectible card, simple but still premium, clear player portrait, minimal glow. Country palette: orange, white, deep navy, gold. Use the unified card system inspired by the local Common template reference (assets/card_templates/sample-common-nelson-semedo.png): Layer 1 background and border, Layer 2 player portrait, Layer 3 UI information; keep the face and upper body clear. Visible card text only: ""马茨·维弗"", ""WIEFFER Mats"", ""Netherlands"", ""#12"", ""DF"", ""Common"", ""2026 World Cup"", ""CAN / MEX / USA 2026"". Output filename: wieffer-mats.png. Intended path: public/cards/netherlands/wieffer-mats.png. Strictly avoid UEFA EURO, EURO 2024, Qatar 2022, 2022 World Cup, ability values, attack/defense/speed attributes, FUT-style attribute panels, titles, codenames, slogans, short descriptive copy, club logos, sponsor logos, watermarks, extra random text, and misspelled tournament branding."
"Netherlands","罗宾·罗夫斯","ROEFS Robin","13","GK","Common","P3","public/cards/netherlands/roefs-robin.png","Create one complete vertical 2:3 AI-generated 2026 World Cup football collectible card for ROEFS Robin / 罗宾·罗夫斯. National team: Netherlands. Jersey: Netherlands orange home jersey with white and deep navy accents. Shirt number: #13. Position: GK. Portrait direction: create an original footballer portrait with a similar playing-role energy and public vibe to ROEFS Robin, but do not request or imply an exact likeness, identity-copy, or real photo replication. Rarity: Common. Visual strength: 40% luxury. Design language: white-silver clean World Cup collectible card, simple but still premium, clear player portrait, minimal glow. Country palette: orange, white, deep navy, gold. Use the unified card system inspired by the local Common template reference (assets/card_templates/sample-common-nelson-semedo.png): Layer 1 background and border, Layer 2 player portrait, Layer 3 UI information; keep the face and upper body clear. Visible card text only: ""罗宾·罗夫斯"", ""ROEFS Robin"", ""Netherlands"", ""#13"", ""GK"", ""Common"", ""2026 World Cup"", ""CAN / MEX / USA 2026"". Output filename: roefs-robin.png. Intended path: public/cards/netherlands/roefs-robin.png. Strictly avoid UEFA EURO, EURO 2024, Qatar 2022, 2022 World Cup, ability values, attack/defense/speed attributes, FUT-style attribute panels, titles, codenames, slogans, short descriptive copy, club logos, sponsor logos, watermarks, extra random text, and misspelled tournament branding."
"Netherlands","蒂贾尼·赖因德斯","REIJNDERS Tijjani","14","MF","Common","P3","public/cards/netherlands/reijnders-tijjani.png","Create one complete vertical 2:3 AI-generated 2026 World Cup football collectible card for REIJNDERS Tijjani / 蒂贾尼·赖因德斯. National team: Netherlands. Jersey: Netherlands orange home jersey with white and deep navy accents. Shirt number: #14. Position: MF. Portrait direction: create an original footballer portrait with a similar playing-role energy and public vibe to REIJNDERS Tijjani, but do not request or imply an exact likeness, identity-copy, or real photo replication. Rarity: Common. Visual strength: 40% luxury. Design language: white-silver clean World Cup collectible card, simple but still premium, clear player portrait, minimal glow. Country palette: orange, white, deep navy, gold. Use the unified card system inspired by the local Common template reference (assets/card_templates/sample-common-nelson-semedo.png): Layer 1 background and border, Layer 2 player portrait, Layer 3 UI information; keep the face and upper body clear. Visible card text only: ""蒂贾尼·赖因德斯"", ""REIJNDERS Tijjani"", ""Netherlands"", ""#14"", ""MF"", ""Common"", ""2026 World Cup"", ""CAN / MEX / USA 2026"". Output filename: reijnders-tijjani.png. Intended path: public/cards/netherlands/reijnders-tijjani.png. Strictly avoid UEFA EURO, EURO 2024, Qatar 2022, 2022 World Cup, ability values, attack/defense/speed attributes, FUT-style attribute panels, titles, codenames, slogans, short descriptive copy, club logos, sponsor logos, watermarks, extra random text, and misspelled tournament branding."
"Netherlands","米基·范德文","VAN DE VEN Micky","15","DF","Common","P3","public/cards/netherlands/van-de-ven-micky.png","Create one complete vertical 2:3 AI-generated 2026 World Cup football collectible card for VAN DE VEN Micky / 米基·范德文. National team: Netherlands. Jersey: Netherlands orange home jersey with white and deep navy accents. Shirt number: #15. Position: DF. Portrait direction: create an original footballer portrait with a similar playing-role energy and public vibe to VAN DE VEN Micky, but do not request or imply an exact likeness, identity-copy, or real photo replication. Rarity: Common. Visual strength: 40% luxury. Design language: white-silver clean World Cup collectible card, simple but still premium, clear player portrait, minimal glow. Country palette: orange, white, deep navy, gold. Use the unified card system inspired by the local Common template reference (assets/card_templates/sample-common-nelson-semedo.png): Layer 1 background and border, Layer 2 player portrait, Layer 3 UI information; keep the face and upper body clear. Visible card text only: ""米基·范德文"", ""VAN DE VEN Micky"", ""Netherlands"", ""#15"", ""DF"", ""Common"", ""2026 World Cup"", ""CAN / MEX / USA 2026"". Output filename: van-de-ven-micky.png. Intended path: public/cards/netherlands/van-de-ven-micky.png. Strictly avoid UEFA EURO, EURO 2024, Qatar 2022, 2022 World Cup, ability values, attack/defense/speed attributes, FUT-style attribute panels, titles, codenames, slogans, short descriptive copy, club logos, sponsor logos, watermarks, extra random text, and misspelled tournament branding."
"Netherlands","古斯·蒂尔","TIL Guus","16","MF","Common","P3","public/cards/netherlands/til-guus.png","Create one complete vertical 2:3 AI-generated 2026 World Cup football collectible card for TIL Guus / 古斯·蒂尔. National team: Netherlands. Jersey: Netherlands orange home jersey with white and deep navy accents. Shirt number: #16. Position: MF. Portrait direction: create an original footballer portrait with a similar playing-role energy and public vibe to TIL Guus, but do not request or imply an exact likeness, identity-copy, or real photo replication. Rarity: Common. Visual strength: 40% luxury. Design language: white-silver clean World Cup collectible card, simple but still premium, clear player portrait, minimal glow. Country palette: orange, white, deep navy, gold. Use the unified card system inspired by the local Common template reference (assets/card_templates/sample-common-nelson-semedo.png): Layer 1 background and border, Layer 2 player portrait, Layer 3 UI information; keep the face and upper body clear. Visible card text only: ""古斯·蒂尔"", ""TIL Guus"", ""Netherlands"", ""#16"", ""MF"", ""Common"", ""2026 World Cup"", ""CAN / MEX / USA 2026"". Output filename: til-guus.png. Intended path: public/cards/netherlands/til-guus.png. Strictly avoid UEFA EURO, EURO 2024, Qatar 2022, 2022 World Cup, ability values, attack/defense/speed attributes, FUT-style attribute panels, titles, codenames, slogans, short descriptive copy, club logos, sponsor logos, watermarks, extra random text, and misspelled tournament branding."
"Netherlands","诺阿·朗","LANG Noa","17","FW","Common","P3","public/cards/netherlands/lang-noa.png","Create one complete vertical 2:3 AI-generated 2026 World Cup football collectible card for LANG Noa / 诺阿·朗. National team: Netherlands. Jersey: Netherlands orange home jersey with white and deep navy accents. Shirt number: #17. Position: FW. Portrait direction: create an original footballer portrait with a similar playing-role energy and public vibe to LANG Noa, but do not request or imply an exact likeness, identity-copy, or real photo replication. Rarity: Common. Visual strength: 40% luxury. Design language: white-silver clean World Cup collectible card, simple but still premium, clear player portrait, minimal glow. Country palette: orange, white, deep navy, gold. Use the unified card system inspired by the local Common template reference (assets/card_templates/sample-common-nelson-semedo.png): Layer 1 background and border, Layer 2 player portrait, Layer 3 UI information; keep the face and upper body clear. Visible card text only: ""诺阿·朗"", ""LANG Noa"", ""Netherlands"", ""#17"", ""FW"", ""Common"", ""2026 World Cup"", ""CAN / MEX / USA 2026"". Output filename: lang-noa.png. Intended path: public/cards/netherlands/lang-noa.png. Strictly avoid UEFA EURO, EURO 2024, Qatar 2022, 2022 World Cup, ability values, attack/defense/speed attributes, FUT-style attribute panels, titles, codenames, slogans, short descriptive copy, club logos, sponsor logos, watermarks, extra random text, and misspelled tournament branding."
"Netherlands","唐耶尔·马伦","MALEN Donyell","18","FW","Rare","P2","public/cards/netherlands/malen-donyell.png","Create one complete vertical 2:3 AI-generated 2026 World Cup football collectible card for MALEN Donyell / 唐耶尔·马伦. National team: Netherlands. Jersey: Netherlands orange home jersey with white and deep navy accents. Shirt number: #18. Position: FW. Portrait direction: create an original footballer portrait with a similar playing-role energy and public vibe to MALEN Donyell, but do not request or imply an exact likeness, identity-copy, or real photo replication. Rarity: Rare. Visual strength: 60% luxury. Design language: blue-silver formal World Cup collectible card, clean premium border, clear player portrait, reduced light effects. Country palette: orange, white, deep navy, gold. Use the unified card system inspired by the local Rare template reference (assets/card_templates/sample-rare-diogo-costa.png): Layer 1 background and border, Layer 2 player portrait, Layer 3 UI information; keep the face and upper body clear. Visible card text only: ""唐耶尔·马伦"", ""MALEN Donyell"", ""Netherlands"", ""#18"", ""FW"", ""Rare"", ""2026 World Cup"", ""CAN / MEX / USA 2026"". Output filename: malen-donyell.png. Intended path: public/cards/netherlands/malen-donyell.png. Strictly avoid UEFA EURO, EURO 2024, Qatar 2022, 2022 World Cup, ability values, attack/defense/speed attributes, FUT-style attribute panels, titles, codenames, slogans, short descriptive copy, club logos, sponsor logos, watermarks, extra random text, and misspelled tournament branding."
"Netherlands","布莱恩·布罗比","BROBBEY Brian","19","FW","Common","P3","public/cards/netherlands/brobbey-brian.png","Create one complete vertical 2:3 AI-generated 2026 World Cup football collectible card for BROBBEY Brian / 布莱恩·布罗比. National team: Netherlands. Jersey: Netherlands orange home jersey with white and deep navy accents. Shirt number: #19. Position: FW. Portrait direction: create an original footballer portrait with a similar playing-role energy and public vibe to BROBBEY Brian, but do not request or imply an exact likeness, identity-copy, or real photo replication. Rarity: Common. Visual strength: 40% luxury. Design language: white-silver clean World Cup collectible card, simple but still premium, clear player portrait, minimal glow. Country palette: orange, white, deep navy, gold. Use the unified card system inspired by the local Common template reference (assets/card_templates/sample-common-nelson-semedo.png): Layer 1 background and border, Layer 2 player portrait, Layer 3 UI information; keep the face and upper body clear. Visible card text only: ""布莱恩·布罗比"", ""BROBBEY Brian"", ""Netherlands"", ""#19"", ""FW"", ""Common"", ""2026 World Cup"", ""CAN / MEX / USA 2026"". Output filename: brobbey-brian.png. Intended path: public/cards/netherlands/brobbey-brian.png. Strictly avoid UEFA EURO, EURO 2024, Qatar 2022, 2022 World Cup, ability values, attack/defense/speed attributes, FUT-style attribute panels, titles, codenames, slogans, short descriptive copy, club logos, sponsor logos, watermarks, extra random text, and misspelled tournament branding."
"Netherlands","特恩·库普梅纳斯","KOOPMEINERS Teun","20","MF","Common","P3","public/cards/netherlands/koopmeiners-teun.png","Create one complete vertical 2:3 AI-generated 2026 World Cup football collectible card for KOOPMEINERS Teun / 特恩·库普梅纳斯. National team: Netherlands. Jersey: Netherlands orange home jersey with white and deep navy accents. Shirt number: #20. Position: MF. Portrait direction: create an original footballer portrait with a similar playing-role energy and public vibe to KOOPMEINERS Teun, but do not request or imply an exact likeness, identity-copy, or real photo replication. Rarity: Common. Visual strength: 40% luxury. Design language: white-silver clean World Cup collectible card, simple but still premium, clear player portrait, minimal glow. Country palette: orange, white, deep navy, gold. Use the unified card system inspired by the local Common template reference (assets/card_templates/sample-common-nelson-semedo.png): Layer 1 background and border, Layer 2 player portrait, Layer 3 UI information; keep the face and upper body clear. Visible card text only: ""特恩·库普梅纳斯"", ""KOOPMEINERS Teun"", ""Netherlands"", ""#20"", ""MF"", ""Common"", ""2026 World Cup"", ""CAN / MEX / USA 2026"". Output filename: koopmeiners-teun.png. Intended path: public/cards/netherlands/koopmeiners-teun.png. Strictly avoid UEFA EURO, EURO 2024, Qatar 2022, 2022 World Cup, ability values, attack/defense/speed attributes, FUT-style attribute panels, titles, codenames, slogans, short descriptive copy, club logos, sponsor logos, watermarks, extra random text, and misspelled tournament branding."
"Netherlands","弗伦基·德容","DE JONG Frenkie","21","MF","Epic","P1","public/cards/netherlands/de-jong-frenkie.png","Create one complete vertical 2:3 AI-generated 2026 World Cup football collectible card for DE JONG Frenkie / 弗伦基·德容. National team: Netherlands. Jersey: Netherlands orange home jersey with white and deep navy accents. Shirt number: #21. Position: MF. Portrait direction: create an original footballer portrait with a similar playing-role energy and public vibe to DE JONG Frenkie, but do not request or imply an exact likeness, identity-copy, or real photo replication. Rarity: Epic. Visual strength: 80% luxury. Design language: purple-gold and national-team energy card, star-player poster feeling, strong but controlled glow, premium gem-like border. Country palette: orange, white, deep navy, gold. Use the unified card system inspired by the local Epic template reference (assets/card_templates/sample-epic-bruno.png): Layer 1 background and border, Layer 2 player portrait, Layer 3 UI information; keep the face and upper body clear. Visible card text only: ""弗伦基·德容"", ""DE JONG Frenkie"", ""Netherlands"", ""#21"", ""MF"", ""Epic"", ""2026 World Cup"", ""CAN / MEX / USA 2026"". Output filename: de-jong-frenkie.png. Intended path: public/cards/netherlands/de-jong-frenkie.png. Strictly avoid UEFA EURO, EURO 2024, Qatar 2022, 2022 World Cup, ability values, attack/defense/speed attributes, FUT-style attribute panels, titles, codenames, slogans, short descriptive copy, club logos, sponsor logos, watermarks, extra random text, and misspelled tournament branding."
"Netherlands","登泽尔·邓弗里斯","DUMFRIES Denzel","22","DF","Rare","P2","public/cards/netherlands/dumfries-denzel.png","Create one complete vertical 2:3 AI-generated 2026 World Cup football collectible card for DUMFRIES Denzel / 登泽尔·邓弗里斯. National team: Netherlands. Jersey: Netherlands orange home jersey with white and deep navy accents. Shirt number: #22. Position: DF. Portrait direction: create an original footballer portrait with a similar playing-role energy and public vibe to DUMFRIES Denzel, but do not request or imply an exact likeness, identity-copy, or real photo replication. Rarity: Rare. Visual strength: 60% luxury. Design language: blue-silver formal World Cup collectible card, clean premium border, clear player portrait, reduced light effects. Country palette: orange, white, deep navy, gold. Use the unified card system inspired by the local Rare template reference (assets/card_templates/sample-rare-diogo-costa.png): Layer 1 background and border, Layer 2 player portrait, Layer 3 UI information; keep the face and upper body clear. Visible card text only: ""登泽尔·邓弗里斯"", ""DUMFRIES Denzel"", ""Netherlands"", ""#22"", ""DF"", ""Rare"", ""2026 World Cup"", ""CAN / MEX / USA 2026"". Output filename: dumfries-denzel.png. Intended path: public/cards/netherlands/dumfries-denzel.png. Strictly avoid UEFA EURO, EURO 2024, Qatar 2022, 2022 World Cup, ability values, attack/defense/speed attributes, FUT-style attribute panels, titles, codenames, slogans, short descriptive copy, club logos, sponsor logos, watermarks, extra random text, and misspelled tournament branding."
"Netherlands","马克·弗莱肯","FLEKKEN Mark","23","GK","Common","P3","public/cards/netherlands/flekken-mark.png","Create one complete vertical 2:3 AI-generated 2026 World Cup football collectible card for FLEKKEN Mark / 马克·弗莱肯. National team: Netherlands. Jersey: Netherlands orange home jersey with white and deep navy accents. Shirt number: #23. Position: GK. Portrait direction: create an original footballer portrait with a similar playing-role energy and public vibe to FLEKKEN Mark, but do not request or imply an exact likeness, identity-copy, or real photo replication. Rarity: Common. Visual strength: 40% luxury. Design language: white-silver clean World Cup collectible card, simple but still premium, clear player portrait, minimal glow. Country palette: orange, white, deep navy, gold. Use the unified card system inspired by the local Common template reference (assets/card_templates/sample-common-nelson-semedo.png): Layer 1 background and border, Layer 2 player portrait, Layer 3 UI information; keep the face and upper body clear. Visible card text only: ""马克·弗莱肯"", ""FLEKKEN Mark"", ""Netherlands"", ""#23"", ""GK"", ""Common"", ""2026 World Cup"", ""CAN / MEX / USA 2026"". Output filename: flekken-mark.png. Intended path: public/cards/netherlands/flekken-mark.png. Strictly avoid UEFA EURO, EURO 2024, Qatar 2022, 2022 World Cup, ability values, attack/defense/speed attributes, FUT-style attribute panels, titles, codenames, slogans, short descriptive copy, club logos, sponsor logos, watermarks, extra random text, and misspelled tournament branding."
"Netherlands","克里森西奥·萨默维尔","SUMMERVILLE Crysencio","24","FW","Common","P3","public/cards/netherlands/summerville-crysencio.png","Create one complete vertical 2:3 AI-generated 2026 World Cup football collectible card for SUMMERVILLE Crysencio / 克里森西奥·萨默维尔. National team: Netherlands. Jersey: Netherlands orange home jersey with white and deep navy accents. Shirt number: #24. Position: FW. Portrait direction: create an original footballer portrait with a similar playing-role energy and public vibe to SUMMERVILLE Crysencio, but do not request or imply an exact likeness, identity-copy, or real photo replication. Rarity: Common. Visual strength: 40% luxury. Design language: white-silver clean World Cup collectible card, simple but still premium, clear player portrait, minimal glow. Country palette: orange, white, deep navy, gold. Use the unified card system inspired by the local Common template reference (assets/card_templates/sample-common-nelson-semedo.png): Layer 1 background and border, Layer 2 player portrait, Layer 3 UI information; keep the face and upper body clear. Visible card text only: ""克里森西奥·萨默维尔"", ""SUMMERVILLE Crysencio"", ""Netherlands"", ""#24"", ""FW"", ""Common"", ""2026 World Cup"", ""CAN / MEX / USA 2026"". Output filename: summerville-crysencio.png. Intended path: public/cards/netherlands/summerville-crysencio.png. Strictly avoid UEFA EURO, EURO 2024, Qatar 2022, 2022 World Cup, ability values, attack/defense/speed attributes, FUT-style attribute panels, titles, codenames, slogans, short descriptive copy, club logos, sponsor logos, watermarks, extra random text, and misspelled tournament branding."
"Netherlands","约雷尔·哈托","HATO Jorrel","25","DF","Common","P3","public/cards/netherlands/hato-jorrel.png","Create one complete vertical 2:3 AI-generated 2026 World Cup football collectible card for HATO Jorrel / 约雷尔·哈托. National team: Netherlands. Jersey: Netherlands orange home jersey with white and deep navy accents. Shirt number: #25. Position: DF. Portrait direction: create an original footballer portrait with a similar playing-role energy and public vibe to HATO Jorrel, but do not request or imply an exact likeness, identity-copy, or real photo replication. Rarity: Common. Visual strength: 40% luxury. Design language: white-silver clean World Cup collectible card, simple but still premium, clear player portrait, minimal glow. Country palette: orange, white, deep navy, gold. Use the unified card system inspired by the local Common template reference (assets/card_templates/sample-common-nelson-semedo.png): Layer 1 background and border, Layer 2 player portrait, Layer 3 UI information; keep the face and upper body clear. Visible card text only: ""约雷尔·哈托"", ""HATO Jorrel"", ""Netherlands"", ""#25"", ""DF"", ""Common"", ""2026 World Cup"", ""CAN / MEX / USA 2026"". Output filename: hato-jorrel.png. Intended path: public/cards/netherlands/hato-jorrel.png. Strictly avoid UEFA EURO, EURO 2024, Qatar 2022, 2022 World Cup, ability values, attack/defense/speed attributes, FUT-style attribute panels, titles, codenames, slogans, short descriptive copy, club logos, sponsor logos, watermarks, extra random text, and misspelled tournament branding."
"Netherlands","昆滕·廷贝尔","TIMBER Quinten","26","MF","Common","P3","public/cards/netherlands/timber-quinten.png","Create one complete vertical 2:3 AI-generated 2026 World Cup football collectible card for TIMBER Quinten / 昆滕·廷贝尔. National team: Netherlands. Jersey: Netherlands orange home jersey with white and deep navy accents. Shirt number: #26. Position: MF. Portrait direction: create an original footballer portrait with a similar playing-role energy and public vibe to TIMBER Quinten, but do not request or imply an exact likeness, identity-copy, or real photo replication. Rarity: Common. Visual strength: 40% luxury. Design language: white-silver clean World Cup collectible card, simple but still premium, clear player portrait, minimal glow. Country palette: orange, white, deep navy, gold. Use the unified card system inspired by the local Common template reference (assets/card_templates/sample-common-nelson-semedo.png): Layer 1 background and border, Layer 2 player portrait, Layer 3 UI information; keep the face and upper body clear. Visible card text only: ""昆滕·廷贝尔"", ""TIMBER Quinten"", ""Netherlands"", ""#26"", ""MF"", ""Common"", ""2026 World Cup"", ""CAN / MEX / USA 2026"". Output filename: timber-quinten.png. Intended path: public/cards/netherlands/timber-quinten.png. Strictly avoid UEFA EURO, EURO 2024, Qatar 2022, 2022 World Cup, ability values, attack/defense/speed attributes, FUT-style attribute panels, titles, codenames, slogans, short descriptive copy, club logos, sponsor logos, watermarks, extra random text, and misspelled tournament branding."
"Portugal","迪奥戈·科斯塔","DIOGO COSTA","1","GK","Rare","P2","public/cards/portugal/diogo-costa.png","Create one complete vertical 2:3 AI-generated 2026 World Cup football collectible card for DIOGO COSTA / 迪奥戈·科斯塔. National team: Portugal. Jersey: Portugal red home jersey with green trim and subtle gold detailing. Shirt number: #1. Position: GK. Portrait direction: create an original footballer portrait with a similar playing-role energy and public vibe to DIOGO COSTA, but do not request or imply an exact likeness, identity-copy, or real photo replication. Rarity: Rare. Visual strength: 60% luxury. Design language: blue-silver formal World Cup collectible card, clean premium border, clear player portrait, reduced light effects. Country palette: deep red, emerald green, antique gold, black. Use the unified card system inspired by the local Rare template reference (assets/card_templates/sample-rare-diogo-costa.png): Layer 1 background and border, Layer 2 player portrait, Layer 3 UI information; keep the face and upper body clear. Visible card text only: ""迪奥戈·科斯塔"", ""DIOGO COSTA"", ""Portugal"", ""#1"", ""GK"", ""Rare"", ""2026 World Cup"", ""CAN / MEX / USA 2026"". Output filename: diogo-costa.png. Intended path: public/cards/portugal/diogo-costa.png. Strictly avoid UEFA EURO, EURO 2024, Qatar 2022, 2022 World Cup, ability values, attack/defense/speed attributes, FUT-style attribute panels, titles, codenames, slogans, short descriptive copy, club logos, sponsor logos, watermarks, extra random text, and misspelled tournament branding."
"Portugal","内尔松·塞梅多","NELSON SEMEDO","2","DF","Common","P3","public/cards/portugal/nelson-semedo.png","Create one complete vertical 2:3 AI-generated 2026 World Cup football collectible card for NELSON SEMEDO / 内尔松·塞梅多. National team: Portugal. Jersey: Portugal red home jersey with green trim and subtle gold detailing. Shirt number: #2. Position: DF. Portrait direction: create an original footballer portrait with a similar playing-role energy and public vibe to NELSON SEMEDO, but do not request or imply an exact likeness, identity-copy, or real photo replication. Rarity: Common. Visual strength: 40% luxury. Design language: white-silver clean World Cup collectible card, simple but still premium, clear player portrait, minimal glow. Country palette: deep red, emerald green, antique gold, black. Use the unified card system inspired by the local Common template reference (assets/card_templates/sample-common-nelson-semedo.png): Layer 1 background and border, Layer 2 player portrait, Layer 3 UI information; keep the face and upper body clear. Visible card text only: ""内尔松·塞梅多"", ""NELSON SEMEDO"", ""Portugal"", ""#2"", ""DF"", ""Common"", ""2026 World Cup"", ""CAN / MEX / USA 2026"". Output filename: nelson-semedo.png. Intended path: public/cards/portugal/nelson-semedo.png. Strictly avoid UEFA EURO, EURO 2024, Qatar 2022, 2022 World Cup, ability values, attack/defense/speed attributes, FUT-style attribute panels, titles, codenames, slogans, short descriptive copy, club logos, sponsor logos, watermarks, extra random text, and misspelled tournament branding."
"Portugal","鲁本·迪亚斯","RUBEN DIAS","3","DF","Epic","P0","public/cards/portugal/rubendias.png","Create one complete vertical 2:3 AI-generated 2026 World Cup football collectible card for RUBEN DIAS / 鲁本·迪亚斯. National team: Portugal. Jersey: Portugal red home jersey with green trim and subtle gold detailing. Shirt number: #3. Position: DF. Portrait direction: create an original footballer portrait with a similar playing-role energy and public vibe to RUBEN DIAS, but do not request or imply an exact likeness, identity-copy, or real photo replication. Rarity: Epic. Visual strength: 80% luxury. Design language: purple-gold and national-team energy card, star-player poster feeling, strong but controlled glow, premium gem-like border. Country palette: deep red, emerald green, antique gold, black. Use the unified card system inspired by the local Epic template reference (assets/card_templates/sample-epic-bruno.png): Layer 1 background and border, Layer 2 player portrait, Layer 3 UI information; keep the face and upper body clear. Visible card text only: ""鲁本·迪亚斯"", ""RUBEN DIAS"", ""Portugal"", ""#3"", ""DF"", ""Epic"", ""2026 World Cup"", ""CAN / MEX / USA 2026"". Output filename: rubendias.png. Intended path: public/cards/portugal/rubendias.png. Strictly avoid UEFA EURO, EURO 2024, Qatar 2022, 2022 World Cup, ability values, attack/defense/speed attributes, FUT-style attribute panels, titles, codenames, slogans, short descriptive copy, club logos, sponsor logos, watermarks, extra random text, and misspelled tournament branding."
"Portugal","托马斯·阿劳若","TOMAS ARAUJO","4","DF","Common","P3","public/cards/portugal/tomas-araujo.png","Create one complete vertical 2:3 AI-generated 2026 World Cup football collectible card for TOMAS ARAUJO / 托马斯·阿劳若. National team: Portugal. Jersey: Portugal red home jersey with green trim and subtle gold detailing. Shirt number: #4. Position: DF. Portrait direction: create an original footballer portrait with a similar playing-role energy and public vibe to TOMAS ARAUJO, but do not request or imply an exact likeness, identity-copy, or real photo replication. Rarity: Common. Visual strength: 40% luxury. Design language: white-silver clean World Cup collectible card, simple but still premium, clear player portrait, minimal glow. Country palette: deep red, emerald green, antique gold, black. Use the unified card system inspired by the local Common template reference (assets/card_templates/sample-common-nelson-semedo.png): Layer 1 background and border, Layer 2 player portrait, Layer 3 UI information; keep the face and upper body clear. Visible card text only: ""托马斯·阿劳若"", ""TOMAS ARAUJO"", ""Portugal"", ""#4"", ""DF"", ""Common"", ""2026 World Cup"", ""CAN / MEX / USA 2026"". Output filename: tomas-araujo.png. Intended path: public/cards/portugal/tomas-araujo.png. Strictly avoid UEFA EURO, EURO 2024, Qatar 2022, 2022 World Cup, ability values, attack/defense/speed attributes, FUT-style attribute panels, titles, codenames, slogans, short descriptive copy, club logos, sponsor logos, watermarks, extra random text, and misspelled tournament branding."
"Portugal","迪奥戈·达洛特","DIOGO DALOT","5","DF","Rare","P2","public/cards/portugal/diogo-dalot.png","Create one complete vertical 2:3 AI-generated 2026 World Cup football collectible card for DIOGO DALOT / 迪奥戈·达洛特. National team: Portugal. Jersey: Portugal red home jersey with green trim and subtle gold detailing. Shirt number: #5. Position: DF. Portrait direction: create an original footballer portrait with a similar playing-role energy and public vibe to DIOGO DALOT, but do not request or imply an exact likeness, identity-copy, or real photo replication. Rarity: Rare. Visual strength: 60% luxury. Design language: blue-silver formal World Cup collectible card, clean premium border, clear player portrait, reduced light effects. Country palette: deep red, emerald green, antique gold, black. Use the unified card system inspired by the local Rare template reference (assets/card_templates/sample-rare-diogo-costa.png): Layer 1 background and border, Layer 2 player portrait, Layer 3 UI information; keep the face and upper body clear. Visible card text only: ""迪奥戈·达洛特"", ""DIOGO DALOT"", ""Portugal"", ""#5"", ""DF"", ""Rare"", ""2026 World Cup"", ""CAN / MEX / USA 2026"". Output filename: diogo-dalot.png. Intended path: public/cards/portugal/diogo-dalot.png. Strictly avoid UEFA EURO, EURO 2024, Qatar 2022, 2022 World Cup, ability values, attack/defense/speed attributes, FUT-style attribute panels, titles, codenames, slogans, short descriptive copy, club logos, sponsor logos, watermarks, extra random text, and misspelled tournament branding."
"Portugal","马特乌斯·努内斯","MATHEUS NUNES","6","MF","Common","P3","public/cards/portugal/matheus-nunes.png","Create one complete vertical 2:3 AI-generated 2026 World Cup football collectible card for MATHEUS NUNES / 马特乌斯·努内斯. National team: Portugal. Jersey: Portugal red home jersey with green trim and subtle gold detailing. Shirt number: #6. Position: MF. Portrait direction: create an original footballer portrait with a similar playing-role energy and public vibe to MATHEUS NUNES, but do not request or imply an exact likeness, identity-copy, or real photo replication. Rarity: Common. Visual strength: 40% luxury. Design language: white-silver clean World Cup collectible card, simple but still premium, clear player portrait, minimal glow. Country palette: deep red, emerald green, antique gold, black. Use the unified card system inspired by the local Common template reference (assets/card_templates/sample-common-nelson-semedo.png): Layer 1 background and border, Layer 2 player portrait, Layer 3 UI information; keep the face and upper body clear. Visible card text only: ""马特乌斯·努内斯"", ""MATHEUS NUNES"", ""Portugal"", ""#6"", ""MF"", ""Common"", ""2026 World Cup"", ""CAN / MEX / USA 2026"". Output filename: matheus-nunes.png. Intended path: public/cards/portugal/matheus-nunes.png. Strictly avoid UEFA EURO, EURO 2024, Qatar 2022, 2022 World Cup, ability values, attack/defense/speed attributes, FUT-style attribute panels, titles, codenames, slogans, short descriptive copy, club logos, sponsor logos, watermarks, extra random text, and misspelled tournament branding."
"Portugal","克里斯蒂亚诺·罗纳尔多","CRISTIANO RONALDO","7","FW","Legend","P0","public/cards/portugal/ronaldo.png","Create one complete vertical 2:3 AI-generated 2026 World Cup football collectible card for CRISTIANO RONALDO / 克里斯蒂亚诺·罗纳尔多. National team: Portugal. Jersey: Portugal red home jersey with green trim and subtle gold detailing. Shirt number: #7. Position: FW. Portrait direction: create an original footballer portrait with a similar playing-role energy and public vibe to CRISTIANO RONALDO, but do not request or imply an exact likeness, identity-copy, or real photo replication. Rarity: Legend. Visual strength: 100% luxury. Design language: black-and-gold cinematic national glory card, ornate premium border, strongest golden light, highest rarity, dramatic stadium atmosphere. Country palette: deep red, emerald green, antique gold, black. Use the unified card system inspired by the local Legend template reference (assets/card_templates/sample-legend-ronaldo.png): Layer 1 background and border, Layer 2 player portrait, Layer 3 UI information; keep the face and upper body clear. Visible card text only: ""克里斯蒂亚诺·罗纳尔多"", ""CRISTIANO RONALDO"", ""Portugal"", ""#7"", ""FW"", ""Legend"", ""2026 World Cup"", ""CAN / MEX / USA 2026"". Output filename: ronaldo.png. Intended path: public/cards/portugal/ronaldo.png. Strictly avoid UEFA EURO, EURO 2024, Qatar 2022, 2022 World Cup, ability values, attack/defense/speed attributes, FUT-style attribute panels, titles, codenames, slogans, short descriptive copy, club logos, sponsor logos, watermarks, extra random text, and misspelled tournament branding."
"Portugal","布鲁诺·费尔南德斯","BRUNO FERNANDES","8","MF","Epic","P0","public/cards/portugal/bruno.png","Create one complete vertical 2:3 AI-generated 2026 World Cup football collectible card for BRUNO FERNANDES / 布鲁诺·费尔南德斯. National team: Portugal. Jersey: Portugal red home jersey with green trim and subtle gold detailing. Shirt number: #8. Position: MF. Portrait direction: create an original footballer portrait with a similar playing-role energy and public vibe to BRUNO FERNANDES, but do not request or imply an exact likeness, identity-copy, or real photo replication. Rarity: Epic. Visual strength: 80% luxury. Design language: purple-gold and national-team energy card, star-player poster feeling, strong but controlled glow, premium gem-like border. Country palette: deep red, emerald green, antique gold, black. Use the unified card system inspired by the local Epic template reference (assets/card_templates/sample-epic-bruno.png): Layer 1 background and border, Layer 2 player portrait, Layer 3 UI information; keep the face and upper body clear. Visible card text only: ""布鲁诺·费尔南德斯"", ""BRUNO FERNANDES"", ""Portugal"", ""#8"", ""MF"", ""Epic"", ""2026 World Cup"", ""CAN / MEX / USA 2026"". Output filename: bruno.png. Intended path: public/cards/portugal/bruno.png. Strictly avoid UEFA EURO, EURO 2024, Qatar 2022, 2022 World Cup, ability values, attack/defense/speed attributes, FUT-style attribute panels, titles, codenames, slogans, short descriptive copy, club logos, sponsor logos, watermarks, extra random text, and misspelled tournament branding."
"Portugal","贡萨洛·拉莫斯","GONCALO RAMOS","9","FW","Common","P3","public/cards/portugal/goncalo-ramos.png","Create one complete vertical 2:3 AI-generated 2026 World Cup football collectible card for GONCALO RAMOS / 贡萨洛·拉莫斯. National team: Portugal. Jersey: Portugal red home jersey with green trim and subtle gold detailing. Shirt number: #9. Position: FW. Portrait direction: create an original footballer portrait with a similar playing-role energy and public vibe to GONCALO RAMOS, but do not request or imply an exact likeness, identity-copy, or real photo replication. Rarity: Common. Visual strength: 40% luxury. Design language: white-silver clean World Cup collectible card, simple but still premium, clear player portrait, minimal glow. Country palette: deep red, emerald green, antique gold, black. Use the unified card system inspired by the local Common template reference (assets/card_templates/sample-common-nelson-semedo.png): Layer 1 background and border, Layer 2 player portrait, Layer 3 UI information; keep the face and upper body clear. Visible card text only: ""贡萨洛·拉莫斯"", ""GONCALO RAMOS"", ""Portugal"", ""#9"", ""FW"", ""Common"", ""2026 World Cup"", ""CAN / MEX / USA 2026"". Output filename: goncalo-ramos.png. Intended path: public/cards/portugal/goncalo-ramos.png. Strictly avoid UEFA EURO, EURO 2024, Qatar 2022, 2022 World Cup, ability values, attack/defense/speed attributes, FUT-style attribute panels, titles, codenames, slogans, short descriptive copy, club logos, sponsor logos, watermarks, extra random text, and misspelled tournament branding."
"Portugal","贝尔纳多·席尔瓦","BERNARDO SILVA","10","MF","Epic","P1","public/cards/portugal/bernardo-silva.png","Create one complete vertical 2:3 AI-generated 2026 World Cup football collectible card for BERNARDO SILVA / 贝尔纳多·席尔瓦. National team: Portugal. Jersey: Portugal red home jersey with green trim and subtle gold detailing. Shirt number: #10. Position: MF. Portrait direction: create an original footballer portrait with a similar playing-role energy and public vibe to BERNARDO SILVA, but do not request or imply an exact likeness, identity-copy, or real photo replication. Rarity: Epic. Visual strength: 80% luxury. Design language: purple-gold and national-team energy card, star-player poster feeling, strong but controlled glow, premium gem-like border. Country palette: deep red, emerald green, antique gold, black. Use the unified card system inspired by the local Epic template reference (assets/card_templates/sample-epic-bruno.png): Layer 1 background and border, Layer 2 player portrait, Layer 3 UI information; keep the face and upper body clear. Visible card text only: ""贝尔纳多·席尔瓦"", ""BERNARDO SILVA"", ""Portugal"", ""#10"", ""MF"", ""Epic"", ""2026 World Cup"", ""CAN / MEX / USA 2026"". Output filename: bernardo-silva.png. Intended path: public/cards/portugal/bernardo-silva.png. Strictly avoid UEFA EURO, EURO 2024, Qatar 2022, 2022 World Cup, ability values, attack/defense/speed attributes, FUT-style attribute panels, titles, codenames, slogans, short descriptive copy, club logos, sponsor logos, watermarks, extra random text, and misspelled tournament branding."
"Portugal","若昂·菲利克斯","JOAO FELIX","11","FW","Common","P3","public/cards/portugal/joao-felix.png","Create one complete vertical 2:3 AI-generated 2026 World Cup football collectible card for JOAO FELIX / 若昂·菲利克斯. National team: Portugal. Jersey: Portugal red home jersey with green trim and subtle gold detailing. Shirt number: #11. Position: FW. Portrait direction: create an original footballer portrait with a similar playing-role energy and public vibe to JOAO FELIX, but do not request or imply an exact likeness, identity-copy, or real photo replication. Rarity: Common. Visual strength: 40% luxury. Design language: white-silver clean World Cup collectible card, simple but still premium, clear player portrait, minimal glow. Country palette: deep red, emerald green, antique gold, black. Use the unified card system inspired by the local Common template reference (assets/card_templates/sample-common-nelson-semedo.png): Layer 1 background and border, Layer 2 player portrait, Layer 3 UI information; keep the face and upper body clear. Visible card text only: ""若昂·菲利克斯"", ""JOAO FELIX"", ""Portugal"", ""#11"", ""FW"", ""Common"", ""2026 World Cup"", ""CAN / MEX / USA 2026"". Output filename: joao-felix.png. Intended path: public/cards/portugal/joao-felix.png. Strictly avoid UEFA EURO, EURO 2024, Qatar 2022, 2022 World Cup, ability values, attack/defense/speed attributes, FUT-style attribute panels, titles, codenames, slogans, short descriptive copy, club logos, sponsor logos, watermarks, extra random text, and misspelled tournament branding."
"Portugal","若泽·萨","JOSE SA","12","GK","Common","P3","public/cards/portugal/jose-sa.png","Create one complete vertical 2:3 AI-generated 2026 World Cup football collectible card for JOSE SA / 若泽·萨. National team: Portugal. Jersey: Portugal red home jersey with green trim and subtle gold detailing. Shirt number: #12. Position: GK. Portrait direction: create an original footballer portrait with a similar playing-role energy and public vibe to JOSE SA, but do not request or imply an exact likeness, identity-copy, or real photo replication. Rarity: Common. Visual strength: 40% luxury. Design language: white-silver clean World Cup collectible card, simple but still premium, clear player portrait, minimal glow. Country palette: deep red, emerald green, antique gold, black. Use the unified card system inspired by the local Common template reference (assets/card_templates/sample-common-nelson-semedo.png): Layer 1 background and border, Layer 2 player portrait, Layer 3 UI information; keep the face and upper body clear. Visible card text only: ""若泽·萨"", ""JOSE SA"", ""Portugal"", ""#12"", ""GK"", ""Common"", ""2026 World Cup"", ""CAN / MEX / USA 2026"". Output filename: jose-sa.png. Intended path: public/cards/portugal/jose-sa.png. Strictly avoid UEFA EURO, EURO 2024, Qatar 2022, 2022 World Cup, ability values, attack/defense/speed attributes, FUT-style attribute panels, titles, codenames, slogans, short descriptive copy, club logos, sponsor logos, watermarks, extra random text, and misspelled tournament branding."
"Portugal","雷纳托·维加","RENATO VEIGA","13","DF","Common","P3","public/cards/portugal/renato-veiga.png","Create one complete vertical 2:3 AI-generated 2026 World Cup football collectible card for RENATO VEIGA / 雷纳托·维加. National team: Portugal. Jersey: Portugal red home jersey with green trim and subtle gold detailing. Shirt number: #13. Position: DF. Portrait direction: create an original footballer portrait with a similar playing-role energy and public vibe to RENATO VEIGA, but do not request or imply an exact likeness, identity-copy, or real photo replication. Rarity: Common. Visual strength: 40% luxury. Design language: white-silver clean World Cup collectible card, simple but still premium, clear player portrait, minimal glow. Country palette: deep red, emerald green, antique gold, black. Use the unified card system inspired by the local Common template reference (assets/card_templates/sample-common-nelson-semedo.png): Layer 1 background and border, Layer 2 player portrait, Layer 3 UI information; keep the face and upper body clear. Visible card text only: ""雷纳托·维加"", ""RENATO VEIGA"", ""Portugal"", ""#13"", ""DF"", ""Common"", ""2026 World Cup"", ""CAN / MEX / USA 2026"". Output filename: renato-veiga.png. Intended path: public/cards/portugal/renato-veiga.png. Strictly avoid UEFA EURO, EURO 2024, Qatar 2022, 2022 World Cup, ability values, attack/defense/speed attributes, FUT-style attribute panels, titles, codenames, slogans, short descriptive copy, club logos, sponsor logos, watermarks, extra random text, and misspelled tournament branding."
"Portugal","贡萨洛·伊纳西奥","GONCALO INACIO","14","DF","Common","P3","public/cards/portugal/goncalo-inacio.png","Create one complete vertical 2:3 AI-generated 2026 World Cup football collectible card for GONCALO INACIO / 贡萨洛·伊纳西奥. National team: Portugal. Jersey: Portugal red home jersey with green trim and subtle gold detailing. Shirt number: #14. Position: DF. Portrait direction: create an original footballer portrait with a similar playing-role energy and public vibe to GONCALO INACIO, but do not request or imply an exact likeness, identity-copy, or real photo replication. Rarity: Common. Visual strength: 40% luxury. Design language: white-silver clean World Cup collectible card, simple but still premium, clear player portrait, minimal glow. Country palette: deep red, emerald green, antique gold, black. Use the unified card system inspired by the local Common template reference (assets/card_templates/sample-common-nelson-semedo.png): Layer 1 background and border, Layer 2 player portrait, Layer 3 UI information; keep the face and upper body clear. Visible card text only: ""贡萨洛·伊纳西奥"", ""GONCALO INACIO"", ""Portugal"", ""#14"", ""DF"", ""Common"", ""2026 World Cup"", ""CAN / MEX / USA 2026"". Output filename: goncalo-inacio.png. Intended path: public/cards/portugal/goncalo-inacio.png. Strictly avoid UEFA EURO, EURO 2024, Qatar 2022, 2022 World Cup, ability values, attack/defense/speed attributes, FUT-style attribute panels, titles, codenames, slogans, short descriptive copy, club logos, sponsor logos, watermarks, extra random text, and misspelled tournament branding."
"Portugal","若昂·内维斯","JOAO NEVES","15","MF","Rare","P2","public/cards/portugal/joao-neves.png","Create one complete vertical 2:3 AI-generated 2026 World Cup football collectible card for JOAO NEVES / 若昂·内维斯. National team: Portugal. Jersey: Portugal red home jersey with green trim and subtle gold detailing. Shirt number: #15. Position: MF. Portrait direction: create an original footballer portrait with a similar playing-role energy and public vibe to JOAO NEVES, but do not request or imply an exact likeness, identity-copy, or real photo replication. Rarity: Rare. Visual strength: 60% luxury. Design language: blue-silver formal World Cup collectible card, clean premium border, clear player portrait, reduced light effects. Country palette: deep red, emerald green, antique gold, black. Use the unified card system inspired by the local Rare template reference (assets/card_templates/sample-rare-diogo-costa.png): Layer 1 background and border, Layer 2 player portrait, Layer 3 UI information; keep the face and upper body clear. Visible card text only: ""若昂·内维斯"", ""JOAO NEVES"", ""Portugal"", ""#15"", ""MF"", ""Rare"", ""2026 World Cup"", ""CAN / MEX / USA 2026"". Output filename: joao-neves.png. Intended path: public/cards/portugal/joao-neves.png. Strictly avoid UEFA EURO, EURO 2024, Qatar 2022, 2022 World Cup, ability values, attack/defense/speed attributes, FUT-style attribute panels, titles, codenames, slogans, short descriptive copy, club logos, sponsor logos, watermarks, extra random text, and misspelled tournament branding."
"Portugal","弗朗西斯科·特林康","FRANCISCO TRINCAO","16","FW","Common","P3","public/cards/portugal/francisco-trincao.png","Create one complete vertical 2:3 AI-generated 2026 World Cup football collectible card for FRANCISCO TRINCAO / 弗朗西斯科·特林康. National team: Portugal. Jersey: Portugal red home jersey with green trim and subtle gold detailing. Shirt number: #16. Position: FW. Portrait direction: create an original footballer portrait with a similar playing-role energy and public vibe to FRANCISCO TRINCAO, but do not request or imply an exact likeness, identity-copy, or real photo replication. Rarity: Common. Visual strength: 40% luxury. Design language: white-silver clean World Cup collectible card, simple but still premium, clear player portrait, minimal glow. Country palette: deep red, emerald green, antique gold, black. Use the unified card system inspired by the local Common template reference (assets/card_templates/sample-common-nelson-semedo.png): Layer 1 background and border, Layer 2 player portrait, Layer 3 UI information; keep the face and upper body clear. Visible card text only: ""弗朗西斯科·特林康"", ""FRANCISCO TRINCAO"", ""Portugal"", ""#16"", ""FW"", ""Common"", ""2026 World Cup"", ""CAN / MEX / USA 2026"". Output filename: francisco-trincao.png. Intended path: public/cards/portugal/francisco-trincao.png. Strictly avoid UEFA EURO, EURO 2024, Qatar 2022, 2022 World Cup, ability values, attack/defense/speed attributes, FUT-style attribute panels, titles, codenames, slogans, short descriptive copy, club logos, sponsor logos, watermarks, extra random text, and misspelled tournament branding."
"Portugal","拉斐尔·莱奥","RAFAEL LEAO","17","FW","Epic","P0","public/cards/portugal/leao.png","Create one complete vertical 2:3 AI-generated 2026 World Cup football collectible card for RAFAEL LEAO / 拉斐尔·莱奥. National team: Portugal. Jersey: Portugal red home jersey with green trim and subtle gold detailing. Shirt number: #17. Position: FW. Portrait direction: create an original footballer portrait with a similar playing-role energy and public vibe to RAFAEL LEAO, but do not request or imply an exact likeness, identity-copy, or real photo replication. Rarity: Epic. Visual strength: 80% luxury. Design language: purple-gold and national-team energy card, star-player poster feeling, strong but controlled glow, premium gem-like border. Country palette: deep red, emerald green, antique gold, black. Use the unified card system inspired by the local Epic template reference (assets/card_templates/sample-epic-bruno.png): Layer 1 background and border, Layer 2 player portrait, Layer 3 UI information; keep the face and upper body clear. Visible card text only: ""拉斐尔·莱奥"", ""RAFAEL LEAO"", ""Portugal"", ""#17"", ""FW"", ""Epic"", ""2026 World Cup"", ""CAN / MEX / USA 2026"". Output filename: leao.png. Intended path: public/cards/portugal/leao.png. Strictly avoid UEFA EURO, EURO 2024, Qatar 2022, 2022 World Cup, ability values, attack/defense/speed attributes, FUT-style attribute panels, titles, codenames, slogans, short descriptive copy, club logos, sponsor logos, watermarks, extra random text, and misspelled tournament branding."
"Portugal","佩德罗·内托","PEDRO NETO","18","FW","Common","P3","public/cards/portugal/pedro-neto.png","Create one complete vertical 2:3 AI-generated 2026 World Cup football collectible card for PEDRO NETO / 佩德罗·内托. National team: Portugal. Jersey: Portugal red home jersey with green trim and subtle gold detailing. Shirt number: #18. Position: FW. Portrait direction: create an original footballer portrait with a similar playing-role energy and public vibe to PEDRO NETO, but do not request or imply an exact likeness, identity-copy, or real photo replication. Rarity: Common. Visual strength: 40% luxury. Design language: white-silver clean World Cup collectible card, simple but still premium, clear player portrait, minimal glow. Country palette: deep red, emerald green, antique gold, black. Use the unified card system inspired by the local Common template reference (assets/card_templates/sample-common-nelson-semedo.png): Layer 1 background and border, Layer 2 player portrait, Layer 3 UI information; keep the face and upper body clear. Visible card text only: ""佩德罗·内托"", ""PEDRO NETO"", ""Portugal"", ""#18"", ""FW"", ""Common"", ""2026 World Cup"", ""CAN / MEX / USA 2026"". Output filename: pedro-neto.png. Intended path: public/cards/portugal/pedro-neto.png. Strictly avoid UEFA EURO, EURO 2024, Qatar 2022, 2022 World Cup, ability values, attack/defense/speed attributes, FUT-style attribute panels, titles, codenames, slogans, short descriptive copy, club logos, sponsor logos, watermarks, extra random text, and misspelled tournament branding."
"Portugal","贡萨洛·格德斯","GONCALO GUEDES","19","FW","Common","P3","public/cards/portugal/goncalo-guedes.png","Create one complete vertical 2:3 AI-generated 2026 World Cup football collectible card for GONCALO GUEDES / 贡萨洛·格德斯. National team: Portugal. Jersey: Portugal red home jersey with green trim and subtle gold detailing. Shirt number: #19. Position: FW. Portrait direction: create an original footballer portrait with a similar playing-role energy and public vibe to GONCALO GUEDES, but do not request or imply an exact likeness, identity-copy, or real photo replication. Rarity: Common. Visual strength: 40% luxury. Design language: white-silver clean World Cup collectible card, simple but still premium, clear player portrait, minimal glow. Country palette: deep red, emerald green, antique gold, black. Use the unified card system inspired by the local Common template reference (assets/card_templates/sample-common-nelson-semedo.png): Layer 1 background and border, Layer 2 player portrait, Layer 3 UI information; keep the face and upper body clear. Visible card text only: ""贡萨洛·格德斯"", ""GONCALO GUEDES"", ""Portugal"", ""#19"", ""FW"", ""Common"", ""2026 World Cup"", ""CAN / MEX / USA 2026"". Output filename: goncalo-guedes.png. Intended path: public/cards/portugal/goncalo-guedes.png. Strictly avoid UEFA EURO, EURO 2024, Qatar 2022, 2022 World Cup, ability values, attack/defense/speed attributes, FUT-style attribute panels, titles, codenames, slogans, short descriptive copy, club logos, sponsor logos, watermarks, extra random text, and misspelled tournament branding."
"Portugal","若昂·坎塞洛","JOAO CANCELO","20","DF","Common","P3","public/cards/portugal/joao-cancelo.png","Create one complete vertical 2:3 AI-generated 2026 World Cup football collectible card for JOAO CANCELO / 若昂·坎塞洛. National team: Portugal. Jersey: Portugal red home jersey with green trim and subtle gold detailing. Shirt number: #20. Position: DF. Portrait direction: create an original footballer portrait with a similar playing-role energy and public vibe to JOAO CANCELO, but do not request or imply an exact likeness, identity-copy, or real photo replication. Rarity: Common. Visual strength: 40% luxury. Design language: white-silver clean World Cup collectible card, simple but still premium, clear player portrait, minimal glow. Country palette: deep red, emerald green, antique gold, black. Use the unified card system inspired by the local Common template reference (assets/card_templates/sample-common-nelson-semedo.png): Layer 1 background and border, Layer 2 player portrait, Layer 3 UI information; keep the face and upper body clear. Visible card text only: ""若昂·坎塞洛"", ""JOAO CANCELO"", ""Portugal"", ""#20"", ""DF"", ""Common"", ""2026 World Cup"", ""CAN / MEX / USA 2026"". Output filename: joao-cancelo.png. Intended path: public/cards/portugal/joao-cancelo.png. Strictly avoid UEFA EURO, EURO 2024, Qatar 2022, 2022 World Cup, ability values, attack/defense/speed attributes, FUT-style attribute panels, titles, codenames, slogans, short descriptive copy, club logos, sponsor logos, watermarks, extra random text, and misspelled tournament branding."
"Portugal","鲁本·内维斯","RUBEN NEVES","21","MF","Common","P3","public/cards/portugal/ruben-neves.png","Create one complete vertical 2:3 AI-generated 2026 World Cup football collectible card for RUBEN NEVES / 鲁本·内维斯. National team: Portugal. Jersey: Portugal red home jersey with green trim and subtle gold detailing. Shirt number: #21. Position: MF. Portrait direction: create an original footballer portrait with a similar playing-role energy and public vibe to RUBEN NEVES, but do not request or imply an exact likeness, identity-copy, or real photo replication. Rarity: Common. Visual strength: 40% luxury. Design language: white-silver clean World Cup collectible card, simple but still premium, clear player portrait, minimal glow. Country palette: deep red, emerald green, antique gold, black. Use the unified card system inspired by the local Common template reference (assets/card_templates/sample-common-nelson-semedo.png): Layer 1 background and border, Layer 2 player portrait, Layer 3 UI information; keep the face and upper body clear. Visible card text only: ""鲁本·内维斯"", ""RUBEN NEVES"", ""Portugal"", ""#21"", ""MF"", ""Common"", ""2026 World Cup"", ""CAN / MEX / USA 2026"". Output filename: ruben-neves.png. Intended path: public/cards/portugal/ruben-neves.png. Strictly avoid UEFA EURO, EURO 2024, Qatar 2022, 2022 World Cup, ability values, attack/defense/speed attributes, FUT-style attribute panels, titles, codenames, slogans, short descriptive copy, club logos, sponsor logos, watermarks, extra random text, and misspelled tournament branding."
"Portugal","鲁伊·席尔瓦","RUI SILVA","22","GK","Common","P3","public/cards/portugal/rui-silva.png","Create one complete vertical 2:3 AI-generated 2026 World Cup football collectible card for RUI SILVA / 鲁伊·席尔瓦. National team: Portugal. Jersey: Portugal red home jersey with green trim and subtle gold detailing. Shirt number: #22. Position: GK. Portrait direction: create an original footballer portrait with a similar playing-role energy and public vibe to RUI SILVA, but do not request or imply an exact likeness, identity-copy, or real photo replication. Rarity: Common. Visual strength: 40% luxury. Design language: white-silver clean World Cup collectible card, simple but still premium, clear player portrait, minimal glow. Country palette: deep red, emerald green, antique gold, black. Use the unified card system inspired by the local Common template reference (assets/card_templates/sample-common-nelson-semedo.png): Layer 1 background and border, Layer 2 player portrait, Layer 3 UI information; keep the face and upper body clear. Visible card text only: ""鲁伊·席尔瓦"", ""RUI SILVA"", ""Portugal"", ""#22"", ""GK"", ""Common"", ""2026 World Cup"", ""CAN / MEX / USA 2026"". Output filename: rui-silva.png. Intended path: public/cards/portugal/rui-silva.png. Strictly avoid UEFA EURO, EURO 2024, Qatar 2022, 2022 World Cup, ability values, attack/defense/speed attributes, FUT-style attribute panels, titles, codenames, slogans, short descriptive copy, club logos, sponsor logos, watermarks, extra random text, and misspelled tournament branding."
"Portugal","维蒂尼亚","VITINHA","23","MF","Rare","P2","public/cards/portugal/vitinha.png","Create one complete vertical 2:3 AI-generated 2026 World Cup football collectible card for VITINHA / 维蒂尼亚. National team: Portugal. Jersey: Portugal red home jersey with green trim and subtle gold detailing. Shirt number: #23. Position: MF. Portrait direction: create an original footballer portrait with a similar playing-role energy and public vibe to VITINHA, but do not request or imply an exact likeness, identity-copy, or real photo replication. Rarity: Rare. Visual strength: 60% luxury. Design language: blue-silver formal World Cup collectible card, clean premium border, clear player portrait, reduced light effects. Country palette: deep red, emerald green, antique gold, black. Use the unified card system inspired by the local Rare template reference (assets/card_templates/sample-rare-diogo-costa.png): Layer 1 background and border, Layer 2 player portrait, Layer 3 UI information; keep the face and upper body clear. Visible card text only: ""维蒂尼亚"", ""VITINHA"", ""Portugal"", ""#23"", ""MF"", ""Rare"", ""2026 World Cup"", ""CAN / MEX / USA 2026"". Output filename: vitinha.png. Intended path: public/cards/portugal/vitinha.png. Strictly avoid UEFA EURO, EURO 2024, Qatar 2022, 2022 World Cup, ability values, attack/defense/speed attributes, FUT-style attribute panels, titles, codenames, slogans, short descriptive copy, club logos, sponsor logos, watermarks, extra random text, and misspelled tournament branding."
"Portugal","萨穆·科斯塔","SAMU COSTA","24","DF","Common","P3","public/cards/portugal/samu-costa.png","Create one complete vertical 2:3 AI-generated 2026 World Cup football collectible card for SAMU COSTA / 萨穆·科斯塔. National team: Portugal. Jersey: Portugal red home jersey with green trim and subtle gold detailing. Shirt number: #24. Position: DF. Portrait direction: create an original footballer portrait with a similar playing-role energy and public vibe to SAMU COSTA, but do not request or imply an exact likeness, identity-copy, or real photo replication. Rarity: Common. Visual strength: 40% luxury. Design language: white-silver clean World Cup collectible card, simple but still premium, clear player portrait, minimal glow. Country palette: deep red, emerald green, antique gold, black. Use the unified card system inspired by the local Common template reference (assets/card_templates/sample-common-nelson-semedo.png): Layer 1 background and border, Layer 2 player portrait, Layer 3 UI information; keep the face and upper body clear. Visible card text only: ""萨穆·科斯塔"", ""SAMU COSTA"", ""Portugal"", ""#24"", ""DF"", ""Common"", ""2026 World Cup"", ""CAN / MEX / USA 2026"". Output filename: samu-costa.png. Intended path: public/cards/portugal/samu-costa.png. Strictly avoid UEFA EURO, EURO 2024, Qatar 2022, 2022 World Cup, ability values, attack/defense/speed attributes, FUT-style attribute panels, titles, codenames, slogans, short descriptive copy, club logos, sponsor logos, watermarks, extra random text, and misspelled tournament branding."
"Portugal","努诺·门德斯","NUNO MENDES","25","DF","Rare","P2","public/cards/portugal/nuno-mendes.png","Create one complete vertical 2:3 AI-generated 2026 World Cup football collectible card for NUNO MENDES / 努诺·门德斯. National team: Portugal. Jersey: Portugal red home jersey with green trim and subtle gold detailing. Shirt number: #25. Position: DF. Portrait direction: create an original footballer portrait with a similar playing-role energy and public vibe to NUNO MENDES, but do not request or imply an exact likeness, identity-copy, or real photo replication. Rarity: Rare. Visual strength: 60% luxury. Design language: blue-silver formal World Cup collectible card, clean premium border, clear player portrait, reduced light effects. Country palette: deep red, emerald green, antique gold, black. Use the unified card system inspired by the local Rare template reference (assets/card_templates/sample-rare-diogo-costa.png): Layer 1 background and border, Layer 2 player portrait, Layer 3 UI information; keep the face and upper body clear. Visible card text only: ""努诺·门德斯"", ""NUNO MENDES"", ""Portugal"", ""#25"", ""DF"", ""Rare"", ""2026 World Cup"", ""CAN / MEX / USA 2026"". Output filename: nuno-mendes.png. Intended path: public/cards/portugal/nuno-mendes.png. Strictly avoid UEFA EURO, EURO 2024, Qatar 2022, 2022 World Cup, ability values, attack/defense/speed attributes, FUT-style attribute panels, titles, codenames, slogans, short descriptive copy, club logos, sponsor logos, watermarks, extra random text, and misspelled tournament branding."
"Portugal","弗朗西斯科·孔塞桑","FRANCISCO CONCEICAO","26","FW","Common","P3","public/cards/portugal/francisco-conceicao.png","Create one complete vertical 2:3 AI-generated 2026 World Cup football collectible card for FRANCISCO CONCEICAO / 弗朗西斯科·孔塞桑. National team: Portugal. Jersey: Portugal red home jersey with green trim and subtle gold detailing. Shirt number: #26. Position: FW. Portrait direction: create an original footballer portrait with a similar playing-role energy and public vibe to FRANCISCO CONCEICAO, but do not request or imply an exact likeness, identity-copy, or real photo replication. Rarity: Common. Visual strength: 40% luxury. Design language: white-silver clean World Cup collectible card, simple but still premium, clear player portrait, minimal glow. Country palette: deep red, emerald green, antique gold, black. Use the unified card system inspired by the local Common template reference (assets/card_templates/sample-common-nelson-semedo.png): Layer 1 background and border, Layer 2 player portrait, Layer 3 UI information; keep the face and upper body clear. Visible card text only: ""弗朗西斯科·孔塞桑"", ""FRANCISCO CONCEICAO"", ""Portugal"", ""#26"", ""FW"", ""Common"", ""2026 World Cup"", ""CAN / MEX / USA 2026"". Output filename: francisco-conceicao.png. Intended path: public/cards/portugal/francisco-conceicao.png. Strictly avoid UEFA EURO, EURO 2024, Qatar 2022, 2022 World Cup, ability values, attack/defense/speed attributes, FUT-style attribute panels, titles, codenames, slogans, short descriptive copy, club logos, sponsor logos, watermarks, extra random text, and misspelled tournament branding."
"France","布里斯·桑巴","SAMBA Brice","1","GK","Common","P3","public/cards/france/samba-brice.png","Create one complete vertical 2:3 AI-generated 2026 World Cup football collectible card for SAMBA Brice / 布里斯·桑巴. National team: France. Jersey: France deep blue home jersey with white, red, and gold accents. Shirt number: #1. Position: GK. Portrait direction: create an original footballer portrait with a similar playing-role energy and public vibe to SAMBA Brice, but do not request or imply an exact likeness, identity-copy, or real photo replication. Rarity: Common. Visual strength: 40% luxury. Design language: white-silver clean World Cup collectible card, simple but still premium, clear player portrait, minimal glow. Country palette: deep blue, white, red, gold. Use the unified card system inspired by the local Common template reference (assets/card_templates/sample-common-nelson-semedo.png): Layer 1 background and border, Layer 2 player portrait, Layer 3 UI information; keep the face and upper body clear. Visible card text only: ""布里斯·桑巴"", ""SAMBA Brice"", ""France"", ""#1"", ""GK"", ""Common"", ""2026 World Cup"", ""CAN / MEX / USA 2026"". Output filename: samba-brice.png. Intended path: public/cards/france/samba-brice.png. Strictly avoid UEFA EURO, EURO 2024, Qatar 2022, 2022 World Cup, ability values, attack/defense/speed attributes, FUT-style attribute panels, titles, codenames, slogans, short descriptive copy, club logos, sponsor logos, watermarks, extra random text, and misspelled tournament branding."
"France","马洛·古斯托","GUSTO Malo","2","DF","Common","P3","public/cards/france/gusto-malo.png","Create one complete vertical 2:3 AI-generated 2026 World Cup football collectible card for GUSTO Malo / 马洛·古斯托. National team: France. Jersey: France deep blue home jersey with white, red, and gold accents. Shirt number: #2. Position: DF. Portrait direction: create an original footballer portrait with a similar playing-role energy and public vibe to GUSTO Malo, but do not request or imply an exact likeness, identity-copy, or real photo replication. Rarity: Common. Visual strength: 40% luxury. Design language: white-silver clean World Cup collectible card, simple but still premium, clear player portrait, minimal glow. Country palette: deep blue, white, red, gold. Use the unified card system inspired by the local Common template reference (assets/card_templates/sample-common-nelson-semedo.png): Layer 1 background and border, Layer 2 player portrait, Layer 3 UI information; keep the face and upper body clear. Visible card text only: ""马洛·古斯托"", ""GUSTO Malo"", ""France"", ""#2"", ""DF"", ""Common"", ""2026 World Cup"", ""CAN / MEX / USA 2026"". Output filename: gusto-malo.png. Intended path: public/cards/france/gusto-malo.png. Strictly avoid UEFA EURO, EURO 2024, Qatar 2022, 2022 World Cup, ability values, attack/defense/speed attributes, FUT-style attribute panels, titles, codenames, slogans, short descriptive copy, club logos, sponsor logos, watermarks, extra random text, and misspelled tournament branding."
"France","卢卡斯·迪涅","DIGNE Lucas","3","DF","Common","P3","public/cards/france/digne-lucas.png","Create one complete vertical 2:3 AI-generated 2026 World Cup football collectible card for DIGNE Lucas / 卢卡斯·迪涅. National team: France. Jersey: France deep blue home jersey with white, red, and gold accents. Shirt number: #3. Position: DF. Portrait direction: create an original footballer portrait with a similar playing-role energy and public vibe to DIGNE Lucas, but do not request or imply an exact likeness, identity-copy, or real photo replication. Rarity: Common. Visual strength: 40% luxury. Design language: white-silver clean World Cup collectible card, simple but still premium, clear player portrait, minimal glow. Country palette: deep blue, white, red, gold. Use the unified card system inspired by the local Common template reference (assets/card_templates/sample-common-nelson-semedo.png): Layer 1 background and border, Layer 2 player portrait, Layer 3 UI information; keep the face and upper body clear. Visible card text only: ""卢卡斯·迪涅"", ""DIGNE Lucas"", ""France"", ""#3"", ""DF"", ""Common"", ""2026 World Cup"", ""CAN / MEX / USA 2026"". Output filename: digne-lucas.png. Intended path: public/cards/france/digne-lucas.png. Strictly avoid UEFA EURO, EURO 2024, Qatar 2022, 2022 World Cup, ability values, attack/defense/speed attributes, FUT-style attribute panels, titles, codenames, slogans, short descriptive copy, club logos, sponsor logos, watermarks, extra random text, and misspelled tournament branding."
"France","达约·于帕梅卡诺","UPAMECANO Dayot","4","DF","Common","P3","public/cards/france/upamecano-dayot.png","Create one complete vertical 2:3 AI-generated 2026 World Cup football collectible card for UPAMECANO Dayot / 达约·于帕梅卡诺. National team: France. Jersey: France deep blue home jersey with white, red, and gold accents. Shirt number: #4. Position: DF. Portrait direction: create an original footballer portrait with a similar playing-role energy and public vibe to UPAMECANO Dayot, but do not request or imply an exact likeness, identity-copy, or real photo replication. Rarity: Common. Visual strength: 40% luxury. Design language: white-silver clean World Cup collectible card, simple but still premium, clear player portrait, minimal glow. Country palette: deep blue, white, red, gold. Use the unified card system inspired by the local Common template reference (assets/card_templates/sample-common-nelson-semedo.png): Layer 1 background and border, Layer 2 player portrait, Layer 3 UI information; keep the face and upper body clear. Visible card text only: ""达约·于帕梅卡诺"", ""UPAMECANO Dayot"", ""France"", ""#4"", ""DF"", ""Common"", ""2026 World Cup"", ""CAN / MEX / USA 2026"". Output filename: upamecano-dayot.png. Intended path: public/cards/france/upamecano-dayot.png. Strictly avoid UEFA EURO, EURO 2024, Qatar 2022, 2022 World Cup, ability values, attack/defense/speed attributes, FUT-style attribute panels, titles, codenames, slogans, short descriptive copy, club logos, sponsor logos, watermarks, extra random text, and misspelled tournament branding."
"France","朱尔·孔德","KOUNDE Jules","5","DF","Rare","P2","public/cards/france/kounde-jules.png","Create one complete vertical 2:3 AI-generated 2026 World Cup football collectible card for KOUNDE Jules / 朱尔·孔德. National team: France. Jersey: France deep blue home jersey with white, red, and gold accents. Shirt number: #5. Position: DF. Portrait direction: create an original footballer portrait with a similar playing-role energy and public vibe to KOUNDE Jules, but do not request or imply an exact likeness, identity-copy, or real photo replication. Rarity: Rare. Visual strength: 60% luxury. Design language: blue-silver formal World Cup collectible card, clean premium border, clear player portrait, reduced light effects. Country palette: deep blue, white, red, gold. Use the unified card system inspired by the local Rare template reference (assets/card_templates/sample-rare-diogo-costa.png): Layer 1 background and border, Layer 2 player portrait, Layer 3 UI information; keep the face and upper body clear. Visible card text only: ""朱尔·孔德"", ""KOUNDE Jules"", ""France"", ""#5"", ""DF"", ""Rare"", ""2026 World Cup"", ""CAN / MEX / USA 2026"". Output filename: kounde-jules.png. Intended path: public/cards/france/kounde-jules.png. Strictly avoid UEFA EURO, EURO 2024, Qatar 2022, 2022 World Cup, ability values, attack/defense/speed attributes, FUT-style attribute panels, titles, codenames, slogans, short descriptive copy, club logos, sponsor logos, watermarks, extra random text, and misspelled tournament branding."
"France","马努·科内","KONE Manu","6","MF","Common","P3","public/cards/france/kone-manu.png","Create one complete vertical 2:3 AI-generated 2026 World Cup football collectible card for KONE Manu / 马努·科内. National team: France. Jersey: France deep blue home jersey with white, red, and gold accents. Shirt number: #6. Position: MF. Portrait direction: create an original footballer portrait with a similar playing-role energy and public vibe to KONE Manu, but do not request or imply an exact likeness, identity-copy, or real photo replication. Rarity: Common. Visual strength: 40% luxury. Design language: white-silver clean World Cup collectible card, simple but still premium, clear player portrait, minimal glow. Country palette: deep blue, white, red, gold. Use the unified card system inspired by the local Common template reference (assets/card_templates/sample-common-nelson-semedo.png): Layer 1 background and border, Layer 2 player portrait, Layer 3 UI information; keep the face and upper body clear. Visible card text only: ""马努·科内"", ""KONE Manu"", ""France"", ""#6"", ""MF"", ""Common"", ""2026 World Cup"", ""CAN / MEX / USA 2026"". Output filename: kone-manu.png. Intended path: public/cards/france/kone-manu.png. Strictly avoid UEFA EURO, EURO 2024, Qatar 2022, 2022 World Cup, ability values, attack/defense/speed attributes, FUT-style attribute panels, titles, codenames, slogans, short descriptive copy, club logos, sponsor logos, watermarks, extra random text, and misspelled tournament branding."
"France","奥斯曼·登贝莱","DEMBELE Ousmane","7","FW","Epic","P1","public/cards/france/dembele-ousmane.png","Create one complete vertical 2:3 AI-generated 2026 World Cup football collectible card for DEMBELE Ousmane / 奥斯曼·登贝莱. National team: France. Jersey: France deep blue home jersey with white, red, and gold accents. Shirt number: #7. Position: FW. Portrait direction: create an original footballer portrait with a similar playing-role energy and public vibe to DEMBELE Ousmane, but do not request or imply an exact likeness, identity-copy, or real photo replication. Rarity: Epic. Visual strength: 80% luxury. Design language: purple-gold and national-team energy card, star-player poster feeling, strong but controlled glow, premium gem-like border. Country palette: deep blue, white, red, gold. Use the unified card system inspired by the local Epic template reference (assets/card_templates/sample-epic-bruno.png): Layer 1 background and border, Layer 2 player portrait, Layer 3 UI information; keep the face and upper body clear. Visible card text only: ""奥斯曼·登贝莱"", ""DEMBELE Ousmane"", ""France"", ""#7"", ""FW"", ""Epic"", ""2026 World Cup"", ""CAN / MEX / USA 2026"". Output filename: dembele-ousmane.png. Intended path: public/cards/france/dembele-ousmane.png. Strictly avoid UEFA EURO, EURO 2024, Qatar 2022, 2022 World Cup, ability values, attack/defense/speed attributes, FUT-style attribute panels, titles, codenames, slogans, short descriptive copy, club logos, sponsor logos, watermarks, extra random text, and misspelled tournament branding."
"France","奥雷利安·楚阿梅尼","TCHOUAMENI Aurelien","8","MF","Epic","P1","public/cards/france/tchouameni-aurelien.png","Create one complete vertical 2:3 AI-generated 2026 World Cup football collectible card for TCHOUAMENI Aurelien / 奥雷利安·楚阿梅尼. National team: France. Jersey: France deep blue home jersey with white, red, and gold accents. Shirt number: #8. Position: MF. Portrait direction: create an original footballer portrait with a similar playing-role energy and public vibe to TCHOUAMENI Aurelien, but do not request or imply an exact likeness, identity-copy, or real photo replication. Rarity: Epic. Visual strength: 80% luxury. Design language: purple-gold and national-team energy card, star-player poster feeling, strong but controlled glow, premium gem-like border. Country palette: deep blue, white, red, gold. Use the unified card system inspired by the local Epic template reference (assets/card_templates/sample-epic-bruno.png): Layer 1 background and border, Layer 2 player portrait, Layer 3 UI information; keep the face and upper body clear. Visible card text only: ""奥雷利安·楚阿梅尼"", ""TCHOUAMENI Aurelien"", ""France"", ""#8"", ""MF"", ""Epic"", ""2026 World Cup"", ""CAN / MEX / USA 2026"". Output filename: tchouameni-aurelien.png. Intended path: public/cards/france/tchouameni-aurelien.png. Strictly avoid UEFA EURO, EURO 2024, Qatar 2022, 2022 World Cup, ability values, attack/defense/speed attributes, FUT-style attribute panels, titles, codenames, slogans, short descriptive copy, club logos, sponsor logos, watermarks, extra random text, and misspelled tournament branding."
"France","马库斯·图拉姆","THURAM Marcus","9","FW","Common","P3","public/cards/france/thuram-marcus.png","Create one complete vertical 2:3 AI-generated 2026 World Cup football collectible card for THURAM Marcus / 马库斯·图拉姆. National team: France. Jersey: France deep blue home jersey with white, red, and gold accents. Shirt number: #9. Position: FW. Portrait direction: create an original footballer portrait with a similar playing-role energy and public vibe to THURAM Marcus, but do not request or imply an exact likeness, identity-copy, or real photo replication. Rarity: Common. Visual strength: 40% luxury. Design language: white-silver clean World Cup collectible card, simple but still premium, clear player portrait, minimal glow. Country palette: deep blue, white, red, gold. Use the unified card system inspired by the local Common template reference (assets/card_templates/sample-common-nelson-semedo.png): Layer 1 background and border, Layer 2 player portrait, Layer 3 UI information; keep the face and upper body clear. Visible card text only: ""马库斯·图拉姆"", ""THURAM Marcus"", ""France"", ""#9"", ""FW"", ""Common"", ""2026 World Cup"", ""CAN / MEX / USA 2026"". Output filename: thuram-marcus.png. Intended path: public/cards/france/thuram-marcus.png. Strictly avoid UEFA EURO, EURO 2024, Qatar 2022, 2022 World Cup, ability values, attack/defense/speed attributes, FUT-style attribute panels, titles, codenames, slogans, short descriptive copy, club logos, sponsor logos, watermarks, extra random text, and misspelled tournament branding."
"France","基利安·姆巴佩","MBAPPE Kylian","10","FW","Legend","P1","public/cards/france/mbappe-kylian.png","Create one complete vertical 2:3 AI-generated 2026 World Cup football collectible card for MBAPPE Kylian / 基利安·姆巴佩. National team: France. Jersey: France deep blue home jersey with white, red, and gold accents. Shirt number: #10. Position: FW. Portrait direction: create an original footballer portrait with a similar playing-role energy and public vibe to MBAPPE Kylian, but do not request or imply an exact likeness, identity-copy, or real photo replication. Rarity: Legend. Visual strength: 100% luxury. Design language: black-and-gold cinematic national glory card, ornate premium border, strongest golden light, highest rarity, dramatic stadium atmosphere. Country palette: deep blue, white, red, gold. Use the unified card system inspired by the local Legend template reference (assets/card_templates/sample-legend-ronaldo.png): Layer 1 background and border, Layer 2 player portrait, Layer 3 UI information; keep the face and upper body clear. Visible card text only: ""基利安·姆巴佩"", ""MBAPPE Kylian"", ""France"", ""#10"", ""FW"", ""Legend"", ""2026 World Cup"", ""CAN / MEX / USA 2026"". Output filename: mbappe-kylian.png. Intended path: public/cards/france/mbappe-kylian.png. Strictly avoid UEFA EURO, EURO 2024, Qatar 2022, 2022 World Cup, ability values, attack/defense/speed attributes, FUT-style attribute panels, titles, codenames, slogans, short descriptive copy, club logos, sponsor logos, watermarks, extra random text, and misspelled tournament branding."
"France","迈克尔·奥利塞","OLISE Michael","11","FW","Rare","P2","public/cards/france/olise-michael.png","Create one complete vertical 2:3 AI-generated 2026 World Cup football collectible card for OLISE Michael / 迈克尔·奥利塞. National team: France. Jersey: France deep blue home jersey with white, red, and gold accents. Shirt number: #11. Position: FW. Portrait direction: create an original footballer portrait with a similar playing-role energy and public vibe to OLISE Michael, but do not request or imply an exact likeness, identity-copy, or real photo replication. Rarity: Rare. Visual strength: 60% luxury. Design language: blue-silver formal World Cup collectible card, clean premium border, clear player portrait, reduced light effects. Country palette: deep blue, white, red, gold. Use the unified card system inspired by the local Rare template reference (assets/card_templates/sample-rare-diogo-costa.png): Layer 1 background and border, Layer 2 player portrait, Layer 3 UI information; keep the face and upper body clear. Visible card text only: ""迈克尔·奥利塞"", ""OLISE Michael"", ""France"", ""#11"", ""FW"", ""Rare"", ""2026 World Cup"", ""CAN / MEX / USA 2026"". Output filename: olise-michael.png. Intended path: public/cards/france/olise-michael.png. Strictly avoid UEFA EURO, EURO 2024, Qatar 2022, 2022 World Cup, ability values, attack/defense/speed attributes, FUT-style attribute panels, titles, codenames, slogans, short descriptive copy, club logos, sponsor logos, watermarks, extra random text, and misspelled tournament branding."
"France","布拉德利·巴尔科拉","BARCOLA Bradley","12","FW","Common","P3","public/cards/france/barcola-bradley.png","Create one complete vertical 2:3 AI-generated 2026 World Cup football collectible card for BARCOLA Bradley / 布拉德利·巴尔科拉. National team: France. Jersey: France deep blue home jersey with white, red, and gold accents. Shirt number: #12. Position: FW. Portrait direction: create an original footballer portrait with a similar playing-role energy and public vibe to BARCOLA Bradley, but do not request or imply an exact likeness, identity-copy, or real photo replication. Rarity: Common. Visual strength: 40% luxury. Design language: white-silver clean World Cup collectible card, simple but still premium, clear player portrait, minimal glow. Country palette: deep blue, white, red, gold. Use the unified card system inspired by the local Common template reference (assets/card_templates/sample-common-nelson-semedo.png): Layer 1 background and border, Layer 2 player portrait, Layer 3 UI information; keep the face and upper body clear. Visible card text only: ""布拉德利·巴尔科拉"", ""BARCOLA Bradley"", ""France"", ""#12"", ""FW"", ""Common"", ""2026 World Cup"", ""CAN / MEX / USA 2026"". Output filename: barcola-bradley.png. Intended path: public/cards/france/barcola-bradley.png. Strictly avoid UEFA EURO, EURO 2024, Qatar 2022, 2022 World Cup, ability values, attack/defense/speed attributes, FUT-style attribute panels, titles, codenames, slogans, short descriptive copy, club logos, sponsor logos, watermarks, extra random text, and misspelled tournament branding."
"France","恩戈洛·坎特","KANTE Ngolo","13","MF","Rare","P2","public/cards/france/kante-ngolo.png","Create one complete vertical 2:3 AI-generated 2026 World Cup football collectible card for KANTE Ngolo / 恩戈洛·坎特. National team: France. Jersey: France deep blue home jersey with white, red, and gold accents. Shirt number: #13. Position: MF. Portrait direction: create an original footballer portrait with a similar playing-role energy and public vibe to KANTE Ngolo, but do not request or imply an exact likeness, identity-copy, or real photo replication. Rarity: Rare. Visual strength: 60% luxury. Design language: blue-silver formal World Cup collectible card, clean premium border, clear player portrait, reduced light effects. Country palette: deep blue, white, red, gold. Use the unified card system inspired by the local Rare template reference (assets/card_templates/sample-rare-diogo-costa.png): Layer 1 background and border, Layer 2 player portrait, Layer 3 UI information; keep the face and upper body clear. Visible card text only: ""恩戈洛·坎特"", ""KANTE Ngolo"", ""France"", ""#13"", ""MF"", ""Rare"", ""2026 World Cup"", ""CAN / MEX / USA 2026"". Output filename: kante-ngolo.png. Intended path: public/cards/france/kante-ngolo.png. Strictly avoid UEFA EURO, EURO 2024, Qatar 2022, 2022 World Cup, ability values, attack/defense/speed attributes, FUT-style attribute panels, titles, codenames, slogans, short descriptive copy, club logos, sponsor logos, watermarks, extra random text, and misspelled tournament branding."
"France","阿德里安·拉比奥","RABIOT Adrien","14","MF","Common","P3","public/cards/france/rabiot-adrien.png","Create one complete vertical 2:3 AI-generated 2026 World Cup football collectible card for RABIOT Adrien / 阿德里安·拉比奥. National team: France. Jersey: France deep blue home jersey with white, red, and gold accents. Shirt number: #14. Position: MF. Portrait direction: create an original footballer portrait with a similar playing-role energy and public vibe to RABIOT Adrien, but do not request or imply an exact likeness, identity-copy, or real photo replication. Rarity: Common. Visual strength: 40% luxury. Design language: white-silver clean World Cup collectible card, simple but still premium, clear player portrait, minimal glow. Country palette: deep blue, white, red, gold. Use the unified card system inspired by the local Common template reference (assets/card_templates/sample-common-nelson-semedo.png): Layer 1 background and border, Layer 2 player portrait, Layer 3 UI information; keep the face and upper body clear. Visible card text only: ""阿德里安·拉比奥"", ""RABIOT Adrien"", ""France"", ""#14"", ""MF"", ""Common"", ""2026 World Cup"", ""CAN / MEX / USA 2026"". Output filename: rabiot-adrien.png. Intended path: public/cards/france/rabiot-adrien.png. Strictly avoid UEFA EURO, EURO 2024, Qatar 2022, 2022 World Cup, ability values, attack/defense/speed attributes, FUT-style attribute panels, titles, codenames, slogans, short descriptive copy, club logos, sponsor logos, watermarks, extra random text, and misspelled tournament branding."
"France","易卜拉希马·科纳特","KONATE Ibrahima","15","DF","Rare","P2","public/cards/france/konate-ibrahima.png","Create one complete vertical 2:3 AI-generated 2026 World Cup football collectible card for KONATE Ibrahima / 易卜拉希马·科纳特. National team: France. Jersey: France deep blue home jersey with white, red, and gold accents. Shirt number: #15. Position: DF. Portrait direction: create an original footballer portrait with a similar playing-role energy and public vibe to KONATE Ibrahima, but do not request or imply an exact likeness, identity-copy, or real photo replication. Rarity: Rare. Visual strength: 60% luxury. Design language: blue-silver formal World Cup collectible card, clean premium border, clear player portrait, reduced light effects. Country palette: deep blue, white, red, gold. Use the unified card system inspired by the local Rare template reference (assets/card_templates/sample-rare-diogo-costa.png): Layer 1 background and border, Layer 2 player portrait, Layer 3 UI information; keep the face and upper body clear. Visible card text only: ""易卜拉希马·科纳特"", ""KONATE Ibrahima"", ""France"", ""#15"", ""DF"", ""Rare"", ""2026 World Cup"", ""CAN / MEX / USA 2026"". Output filename: konate-ibrahima.png. Intended path: public/cards/france/konate-ibrahima.png. Strictly avoid UEFA EURO, EURO 2024, Qatar 2022, 2022 World Cup, ability values, attack/defense/speed attributes, FUT-style attribute panels, titles, codenames, slogans, short descriptive copy, club logos, sponsor logos, watermarks, extra random text, and misspelled tournament branding."
"France","迈克·迈尼昂","MAIGNAN Mike","16","GK","Rare","P2","public/cards/france/maignan-mike.png","Create one complete vertical 2:3 AI-generated 2026 World Cup football collectible card for MAIGNAN Mike / 迈克·迈尼昂. National team: France. Jersey: France deep blue home jersey with white, red, and gold accents. Shirt number: #16. Position: GK. Portrait direction: create an original footballer portrait with a similar playing-role energy and public vibe to MAIGNAN Mike, but do not request or imply an exact likeness, identity-copy, or real photo replication. Rarity: Rare. Visual strength: 60% luxury. Design language: blue-silver formal World Cup collectible card, clean premium border, clear player portrait, reduced light effects. Country palette: deep blue, white, red, gold. Use the unified card system inspired by the local Rare template reference (assets/card_templates/sample-rare-diogo-costa.png): Layer 1 background and border, Layer 2 player portrait, Layer 3 UI information; keep the face and upper body clear. Visible card text only: ""迈克·迈尼昂"", ""MAIGNAN Mike"", ""France"", ""#16"", ""GK"", ""Rare"", ""2026 World Cup"", ""CAN / MEX / USA 2026"". Output filename: maignan-mike.png. Intended path: public/cards/france/maignan-mike.png. Strictly avoid UEFA EURO, EURO 2024, Qatar 2022, 2022 World Cup, ability values, attack/defense/speed attributes, FUT-style attribute panels, titles, codenames, slogans, short descriptive copy, club logos, sponsor logos, watermarks, extra random text, and misspelled tournament branding."
"France","威廉·萨利巴","SALIBA William","17","DF","Epic","P1","public/cards/france/saliba-william.png","Create one complete vertical 2:3 AI-generated 2026 World Cup football collectible card for SALIBA William / 威廉·萨利巴. National team: France. Jersey: France deep blue home jersey with white, red, and gold accents. Shirt number: #17. Position: DF. Portrait direction: create an original footballer portrait with a similar playing-role energy and public vibe to SALIBA William, but do not request or imply an exact likeness, identity-copy, or real photo replication. Rarity: Epic. Visual strength: 80% luxury. Design language: purple-gold and national-team energy card, star-player poster feeling, strong but controlled glow, premium gem-like border. Country palette: deep blue, white, red, gold. Use the unified card system inspired by the local Epic template reference (assets/card_templates/sample-epic-bruno.png): Layer 1 background and border, Layer 2 player portrait, Layer 3 UI information; keep the face and upper body clear. Visible card text only: ""威廉·萨利巴"", ""SALIBA William"", ""France"", ""#17"", ""DF"", ""Epic"", ""2026 World Cup"", ""CAN / MEX / USA 2026"". Output filename: saliba-william.png. Intended path: public/cards/france/saliba-william.png. Strictly avoid UEFA EURO, EURO 2024, Qatar 2022, 2022 World Cup, ability values, attack/defense/speed attributes, FUT-style attribute panels, titles, codenames, slogans, short descriptive copy, club logos, sponsor logos, watermarks, extra random text, and misspelled tournament branding."
"France","沃伦·扎伊尔-埃梅里","ZAIRE-EMERY Warren","18","MF","Common","P3","public/cards/france/zaire-emery-warren.png","Create one complete vertical 2:3 AI-generated 2026 World Cup football collectible card for ZAIRE-EMERY Warren / 沃伦·扎伊尔-埃梅里. National team: France. Jersey: France deep blue home jersey with white, red, and gold accents. Shirt number: #18. Position: MF. Portrait direction: create an original footballer portrait with a similar playing-role energy and public vibe to ZAIRE-EMERY Warren, but do not request or imply an exact likeness, identity-copy, or real photo replication. Rarity: Common. Visual strength: 40% luxury. Design language: white-silver clean World Cup collectible card, simple but still premium, clear player portrait, minimal glow. Country palette: deep blue, white, red, gold. Use the unified card system inspired by the local Common template reference (assets/card_templates/sample-common-nelson-semedo.png): Layer 1 background and border, Layer 2 player portrait, Layer 3 UI information; keep the face and upper body clear. Visible card text only: ""沃伦·扎伊尔-埃梅里"", ""ZAIRE-EMERY Warren"", ""France"", ""#18"", ""MF"", ""Common"", ""2026 World Cup"", ""CAN / MEX / USA 2026"". Output filename: zaire-emery-warren.png. Intended path: public/cards/france/zaire-emery-warren.png. Strictly avoid UEFA EURO, EURO 2024, Qatar 2022, 2022 World Cup, ability values, attack/defense/speed attributes, FUT-style attribute panels, titles, codenames, slogans, short descriptive copy, club logos, sponsor logos, watermarks, extra random text, and misspelled tournament branding."
"France","特奥·埃尔南德斯","HERNANDEZ Theo","19","DF","Epic","P1","public/cards/france/hernandez-theo.png","Create one complete vertical 2:3 AI-generated 2026 World Cup football collectible card for HERNANDEZ Theo / 特奥·埃尔南德斯. National team: France. Jersey: France deep blue home jersey with white, red, and gold accents. Shirt number: #19. Position: DF. Portrait direction: create an original footballer portrait with a similar playing-role energy and public vibe to HERNANDEZ Theo, but do not request or imply an exact likeness, identity-copy, or real photo replication. Rarity: Epic. Visual strength: 80% luxury. Design language: purple-gold and national-team energy card, star-player poster feeling, strong but controlled glow, premium gem-like border. Country palette: deep blue, white, red, gold. Use the unified card system inspired by the local Epic template reference (assets/card_templates/sample-epic-bruno.png): Layer 1 background and border, Layer 2 player portrait, Layer 3 UI information; keep the face and upper body clear. Visible card text only: ""特奥·埃尔南德斯"", ""HERNANDEZ Theo"", ""France"", ""#19"", ""DF"", ""Epic"", ""2026 World Cup"", ""CAN / MEX / USA 2026"". Output filename: hernandez-theo.png. Intended path: public/cards/france/hernandez-theo.png. Strictly avoid UEFA EURO, EURO 2024, Qatar 2022, 2022 World Cup, ability values, attack/defense/speed attributes, FUT-style attribute panels, titles, codenames, slogans, short descriptive copy, club logos, sponsor logos, watermarks, extra random text, and misspelled tournament branding."
"France","德西雷·杜埃","DOUE Desire","20","FW","Common","P3","public/cards/france/doue-desire.png","Create one complete vertical 2:3 AI-generated 2026 World Cup football collectible card for DOUE Desire / 德西雷·杜埃. National team: France. Jersey: France deep blue home jersey with white, red, and gold accents. Shirt number: #20. Position: FW. Portrait direction: create an original footballer portrait with a similar playing-role energy and public vibe to DOUE Desire, but do not request or imply an exact likeness, identity-copy, or real photo replication. Rarity: Common. Visual strength: 40% luxury. Design language: white-silver clean World Cup collectible card, simple but still premium, clear player portrait, minimal glow. Country palette: deep blue, white, red, gold. Use the unified card system inspired by the local Common template reference (assets/card_templates/sample-common-nelson-semedo.png): Layer 1 background and border, Layer 2 player portrait, Layer 3 UI information; keep the face and upper body clear. Visible card text only: ""德西雷·杜埃"", ""DOUE Desire"", ""France"", ""#20"", ""FW"", ""Common"", ""2026 World Cup"", ""CAN / MEX / USA 2026"". Output filename: doue-desire.png. Intended path: public/cards/france/doue-desire.png. Strictly avoid UEFA EURO, EURO 2024, Qatar 2022, 2022 World Cup, ability values, attack/defense/speed attributes, FUT-style attribute panels, titles, codenames, slogans, short descriptive copy, club logos, sponsor logos, watermarks, extra random text, and misspelled tournament branding."
"France","卢卡斯·埃尔南德斯","HERNANDEZ Lucas","21","DF","Common","P3","public/cards/france/hernandez-lucas.png","Create one complete vertical 2:3 AI-generated 2026 World Cup football collectible card for HERNANDEZ Lucas / 卢卡斯·埃尔南德斯. National team: France. Jersey: France deep blue home jersey with white, red, and gold accents. Shirt number: #21. Position: DF. Portrait direction: create an original footballer portrait with a similar playing-role energy and public vibe to HERNANDEZ Lucas, but do not request or imply an exact likeness, identity-copy, or real photo replication. Rarity: Common. Visual strength: 40% luxury. Design language: white-silver clean World Cup collectible card, simple but still premium, clear player portrait, minimal glow. Country palette: deep blue, white, red, gold. Use the unified card system inspired by the local Common template reference (assets/card_templates/sample-common-nelson-semedo.png): Layer 1 background and border, Layer 2 player portrait, Layer 3 UI information; keep the face and upper body clear. Visible card text only: ""卢卡斯·埃尔南德斯"", ""HERNANDEZ Lucas"", ""France"", ""#21"", ""DF"", ""Common"", ""2026 World Cup"", ""CAN / MEX / USA 2026"". Output filename: hernandez-lucas.png. Intended path: public/cards/france/hernandez-lucas.png. Strictly avoid UEFA EURO, EURO 2024, Qatar 2022, 2022 World Cup, ability values, attack/defense/speed attributes, FUT-style attribute panels, titles, codenames, slogans, short descriptive copy, club logos, sponsor logos, watermarks, extra random text, and misspelled tournament branding."
"France","让-菲利普·马特塔","MATETA Jean-Philippe","22","FW","Common","P3","public/cards/france/mateta-jean-philippe.png","Create one complete vertical 2:3 AI-generated 2026 World Cup football collectible card for MATETA Jean-Philippe / 让-菲利普·马特塔. National team: France. Jersey: France deep blue home jersey with white, red, and gold accents. Shirt number: #22. Position: FW. Portrait direction: create an original footballer portrait with a similar playing-role energy and public vibe to MATETA Jean-Philippe, but do not request or imply an exact likeness, identity-copy, or real photo replication. Rarity: Common. Visual strength: 40% luxury. Design language: white-silver clean World Cup collectible card, simple but still premium, clear player portrait, minimal glow. Country palette: deep blue, white, red, gold. Use the unified card system inspired by the local Common template reference (assets/card_templates/sample-common-nelson-semedo.png): Layer 1 background and border, Layer 2 player portrait, Layer 3 UI information; keep the face and upper body clear. Visible card text only: ""让-菲利普·马特塔"", ""MATETA Jean-Philippe"", ""France"", ""#22"", ""FW"", ""Common"", ""2026 World Cup"", ""CAN / MEX / USA 2026"". Output filename: mateta-jean-philippe.png. Intended path: public/cards/france/mateta-jean-philippe.png. Strictly avoid UEFA EURO, EURO 2024, Qatar 2022, 2022 World Cup, ability values, attack/defense/speed attributes, FUT-style attribute panels, titles, codenames, slogans, short descriptive copy, club logos, sponsor logos, watermarks, extra random text, and misspelled tournament branding."
"France","罗宾·里瑟","RISSER Robin","23","GK","Common","P3","public/cards/france/risser-robin.png","Create one complete vertical 2:3 AI-generated 2026 World Cup football collectible card for RISSER Robin / 罗宾·里瑟. National team: France. Jersey: France deep blue home jersey with white, red, and gold accents. Shirt number: #23. Position: GK. Portrait direction: create an original footballer portrait with a similar playing-role energy and public vibe to RISSER Robin, but do not request or imply an exact likeness, identity-copy, or real photo replication. Rarity: Common. Visual strength: 40% luxury. Design language: white-silver clean World Cup collectible card, simple but still premium, clear player portrait, minimal glow. Country palette: deep blue, white, red, gold. Use the unified card system inspired by the local Common template reference (assets/card_templates/sample-common-nelson-semedo.png): Layer 1 background and border, Layer 2 player portrait, Layer 3 UI information; keep the face and upper body clear. Visible card text only: ""罗宾·里瑟"", ""RISSER Robin"", ""France"", ""#23"", ""GK"", ""Common"", ""2026 World Cup"", ""CAN / MEX / USA 2026"". Output filename: risser-robin.png. Intended path: public/cards/france/risser-robin.png. Strictly avoid UEFA EURO, EURO 2024, Qatar 2022, 2022 World Cup, ability values, attack/defense/speed attributes, FUT-style attribute panels, titles, codenames, slogans, short descriptive copy, club logos, sponsor logos, watermarks, extra random text, and misspelled tournament branding."
"France","拉扬·谢尔基","CHERKI Rayan","24","MF","Common","P3","public/cards/france/cherki-rayan.png","Create one complete vertical 2:3 AI-generated 2026 World Cup football collectible card for CHERKI Rayan / 拉扬·谢尔基. National team: France. Jersey: France deep blue home jersey with white, red, and gold accents. Shirt number: #24. Position: MF. Portrait direction: create an original footballer portrait with a similar playing-role energy and public vibe to CHERKI Rayan, but do not request or imply an exact likeness, identity-copy, or real photo replication. Rarity: Common. Visual strength: 40% luxury. Design language: white-silver clean World Cup collectible card, simple but still premium, clear player portrait, minimal glow. Country palette: deep blue, white, red, gold. Use the unified card system inspired by the local Common template reference (assets/card_templates/sample-common-nelson-semedo.png): Layer 1 background and border, Layer 2 player portrait, Layer 3 UI information; keep the face and upper body clear. Visible card text only: ""拉扬·谢尔基"", ""CHERKI Rayan"", ""France"", ""#24"", ""MF"", ""Common"", ""2026 World Cup"", ""CAN / MEX / USA 2026"". Output filename: cherki-rayan.png. Intended path: public/cards/france/cherki-rayan.png. Strictly avoid UEFA EURO, EURO 2024, Qatar 2022, 2022 World Cup, ability values, attack/defense/speed attributes, FUT-style attribute panels, titles, codenames, slogans, short descriptive copy, club logos, sponsor logos, watermarks, extra random text, and misspelled tournament branding."
"France","马涅斯·阿克利乌什","AKLIOUCHE Maghnes","25","MF","Common","P3","public/cards/france/akliouche-maghnes.png","Create one complete vertical 2:3 AI-generated 2026 World Cup football collectible card for AKLIOUCHE Maghnes / 马涅斯·阿克利乌什. National team: France. Jersey: France deep blue home jersey with white, red, and gold accents. Shirt number: #25. Position: MF. Portrait direction: create an original footballer portrait with a similar playing-role energy and public vibe to AKLIOUCHE Maghnes, but do not request or imply an exact likeness, identity-copy, or real photo replication. Rarity: Common. Visual strength: 40% luxury. Design language: white-silver clean World Cup collectible card, simple but still premium, clear player portrait, minimal glow. Country palette: deep blue, white, red, gold. Use the unified card system inspired by the local Common template reference (assets/card_templates/sample-common-nelson-semedo.png): Layer 1 background and border, Layer 2 player portrait, Layer 3 UI information; keep the face and upper body clear. Visible card text only: ""马涅斯·阿克利乌什"", ""AKLIOUCHE Maghnes"", ""France"", ""#25"", ""MF"", ""Common"", ""2026 World Cup"", ""CAN / MEX / USA 2026"". Output filename: akliouche-maghnes.png. Intended path: public/cards/france/akliouche-maghnes.png. Strictly avoid UEFA EURO, EURO 2024, Qatar 2022, 2022 World Cup, ability values, attack/defense/speed attributes, FUT-style attribute panels, titles, codenames, slogans, short descriptive copy, club logos, sponsor logos, watermarks, extra random text, and misspelled tournament branding."
"France","马克桑斯·拉克鲁瓦","LACROIX Maxence","26","DF","Common","P3","public/cards/france/lacroix-maxence.png","Create one complete vertical 2:3 AI-generated 2026 World Cup football collectible card for LACROIX Maxence / 马克桑斯·拉克鲁瓦. National team: France. Jersey: France deep blue home jersey with white, red, and gold accents. Shirt number: #26. Position: DF. Portrait direction: create an original footballer portrait with a similar playing-role energy and public vibe to LACROIX Maxence, but do not request or imply an exact likeness, identity-copy, or real photo replication. Rarity: Common. Visual strength: 40% luxury. Design language: white-silver clean World Cup collectible card, simple but still premium, clear player portrait, minimal glow. Country palette: deep blue, white, red, gold. Use the unified card system inspired by the local Common template reference (assets/card_templates/sample-common-nelson-semedo.png): Layer 1 background and border, Layer 2 player portrait, Layer 3 UI information; keep the face and upper body clear. Visible card text only: ""马克桑斯·拉克鲁瓦"", ""LACROIX Maxence"", ""France"", ""#26"", ""DF"", ""Common"", ""2026 World Cup"", ""CAN / MEX / USA 2026"". Output filename: lacroix-maxence.png. Intended path: public/cards/france/lacroix-maxence.png. Strictly avoid UEFA EURO, EURO 2024, Qatar 2022, 2022 World Cup, ability values, attack/defense/speed attributes, FUT-style attribute panels, titles, codenames, slogans, short descriptive copy, club logos, sponsor logos, watermarks, extra random text, and misspelled tournament branding."
"Brazil","阿利松","ALISSON","1","GK","Epic","P0","public/cards/brazil/alison.png","Create one complete vertical 2:3 AI-generated 2026 World Cup football collectible card for ALISSON / 阿利松. National team: Brazil. Jersey: Brazil yellow home jersey with green trim and blue accents. Shirt number: #1. Position: GK. Portrait direction: create an original footballer portrait with a similar playing-role energy and public vibe to ALISSON, but do not request or imply an exact likeness, identity-copy, or real photo replication. Rarity: Epic. Visual strength: 80% luxury. Design language: purple-gold and national-team energy card, star-player poster feeling, strong but controlled glow, premium gem-like border. Country palette: canary yellow, emerald green, royal blue, gold. Use the unified card system inspired by the local Epic template reference (assets/card_templates/sample-epic-bruno.png): Layer 1 background and border, Layer 2 player portrait, Layer 3 UI information; keep the face and upper body clear. Visible card text only: ""阿利松"", ""ALISSON"", ""Brazil"", ""#1"", ""GK"", ""Epic"", ""2026 World Cup"", ""CAN / MEX / USA 2026"". Output filename: alison.png. Intended path: public/cards/brazil/alison.png. Strictly avoid UEFA EURO, EURO 2024, Qatar 2022, 2022 World Cup, ability values, attack/defense/speed attributes, FUT-style attribute panels, titles, codenames, slogans, short descriptive copy, club logos, sponsor logos, watermarks, extra random text, and misspelled tournament branding."
"Brazil","埃德森·席尔瓦","EDERSON SILVA","2","MF","Common","P3","public/cards/brazil/ederson-silva.png","Create one complete vertical 2:3 AI-generated 2026 World Cup football collectible card for EDERSON SILVA / 埃德森·席尔瓦. National team: Brazil. Jersey: Brazil yellow home jersey with green trim and blue accents. Shirt number: #2. Position: MF. Portrait direction: create an original footballer portrait with a similar playing-role energy and public vibe to EDERSON SILVA, but do not request or imply an exact likeness, identity-copy, or real photo replication. Rarity: Common. Visual strength: 40% luxury. Design language: white-silver clean World Cup collectible card, simple but still premium, clear player portrait, minimal glow. Country palette: canary yellow, emerald green, royal blue, gold. Use the unified card system inspired by the local Common template reference (assets/card_templates/sample-common-nelson-semedo.png): Layer 1 background and border, Layer 2 player portrait, Layer 3 UI information; keep the face and upper body clear. Visible card text only: ""埃德森·席尔瓦"", ""EDERSON SILVA"", ""Brazil"", ""#2"", ""MF"", ""Common"", ""2026 World Cup"", ""CAN / MEX / USA 2026"". Output filename: ederson-silva.png. Intended path: public/cards/brazil/ederson-silva.png. Strictly avoid UEFA EURO, EURO 2024, Qatar 2022, 2022 World Cup, ability values, attack/defense/speed attributes, FUT-style attribute panels, titles, codenames, slogans, short descriptive copy, club logos, sponsor logos, watermarks, extra random text, and misspelled tournament branding."
"Brazil","加布里埃尔·马加良斯","GABRIEL MAGALHAES","3","DF","Rare","P2","public/cards/brazil/gabriel-magalhaes.png","Create one complete vertical 2:3 AI-generated 2026 World Cup football collectible card for GABRIEL MAGALHAES / 加布里埃尔·马加良斯. National team: Brazil. Jersey: Brazil yellow home jersey with green trim and blue accents. Shirt number: #3. Position: DF. Portrait direction: create an original footballer portrait with a similar playing-role energy and public vibe to GABRIEL MAGALHAES, but do not request or imply an exact likeness, identity-copy, or real photo replication. Rarity: Rare. Visual strength: 60% luxury. Design language: blue-silver formal World Cup collectible card, clean premium border, clear player portrait, reduced light effects. Country palette: canary yellow, emerald green, royal blue, gold. Use the unified card system inspired by the local Rare template reference (assets/card_templates/sample-rare-diogo-costa.png): Layer 1 background and border, Layer 2 player portrait, Layer 3 UI information; keep the face and upper body clear. Visible card text only: ""加布里埃尔·马加良斯"", ""GABRIEL MAGALHAES"", ""Brazil"", ""#3"", ""DF"", ""Rare"", ""2026 World Cup"", ""CAN / MEX / USA 2026"". Output filename: gabriel-magalhaes.png. Intended path: public/cards/brazil/gabriel-magalhaes.png. Strictly avoid UEFA EURO, EURO 2024, Qatar 2022, 2022 World Cup, ability values, attack/defense/speed attributes, FUT-style attribute panels, titles, codenames, slogans, short descriptive copy, club logos, sponsor logos, watermarks, extra random text, and misspelled tournament branding."
"Brazil","马尔基尼奥斯","MARQUINHOS","4","DF","Rare","P2","public/cards/brazil/marquinhos.png","Create one complete vertical 2:3 AI-generated 2026 World Cup football collectible card for MARQUINHOS / 马尔基尼奥斯. National team: Brazil. Jersey: Brazil yellow home jersey with green trim and blue accents. Shirt number: #4. Position: DF. Portrait direction: create an original footballer portrait with a similar playing-role energy and public vibe to MARQUINHOS, but do not request or imply an exact likeness, identity-copy, or real photo replication. Rarity: Rare. Visual strength: 60% luxury. Design language: blue-silver formal World Cup collectible card, clean premium border, clear player portrait, reduced light effects. Country palette: canary yellow, emerald green, royal blue, gold. Use the unified card system inspired by the local Rare template reference (assets/card_templates/sample-rare-diogo-costa.png): Layer 1 background and border, Layer 2 player portrait, Layer 3 UI information; keep the face and upper body clear. Visible card text only: ""马尔基尼奥斯"", ""MARQUINHOS"", ""Brazil"", ""#4"", ""DF"", ""Rare"", ""2026 World Cup"", ""CAN / MEX / USA 2026"". Output filename: marquinhos.png. Intended path: public/cards/brazil/marquinhos.png. Strictly avoid UEFA EURO, EURO 2024, Qatar 2022, 2022 World Cup, ability values, attack/defense/speed attributes, FUT-style attribute panels, titles, codenames, slogans, short descriptive copy, club logos, sponsor logos, watermarks, extra random text, and misspelled tournament branding."
"Brazil","卡塞米罗","CASEMIRO","5","MF","Epic","P0","public/cards/brazil/casemiro.png","Create one complete vertical 2:3 AI-generated 2026 World Cup football collectible card for CASEMIRO / 卡塞米罗. National team: Brazil. Jersey: Brazil yellow home jersey with green trim and blue accents. Shirt number: #5. Position: MF. Portrait direction: create an original footballer portrait with a similar playing-role energy and public vibe to CASEMIRO, but do not request or imply an exact likeness, identity-copy, or real photo replication. Rarity: Epic. Visual strength: 80% luxury. Design language: purple-gold and national-team energy card, star-player poster feeling, strong but controlled glow, premium gem-like border. Country palette: canary yellow, emerald green, royal blue, gold. Use the unified card system inspired by the local Epic template reference (assets/card_templates/sample-epic-bruno.png): Layer 1 background and border, Layer 2 player portrait, Layer 3 UI information; keep the face and upper body clear. Visible card text only: ""卡塞米罗"", ""CASEMIRO"", ""Brazil"", ""#5"", ""MF"", ""Epic"", ""2026 World Cup"", ""CAN / MEX / USA 2026"". Output filename: casemiro.png. Intended path: public/cards/brazil/casemiro.png. Strictly avoid UEFA EURO, EURO 2024, Qatar 2022, 2022 World Cup, ability values, attack/defense/speed attributes, FUT-style attribute panels, titles, codenames, slogans, short descriptive copy, club logos, sponsor logos, watermarks, extra random text, and misspelled tournament branding."
"Brazil","阿莱士·桑德罗","ALEX SANDRO","6","DF","Common","P3","public/cards/brazil/alex-sandro.png","Create one complete vertical 2:3 AI-generated 2026 World Cup football collectible card for ALEX SANDRO / 阿莱士·桑德罗. National team: Brazil. Jersey: Brazil yellow home jersey with green trim and blue accents. Shirt number: #6. Position: DF. Portrait direction: create an original footballer portrait with a similar playing-role energy and public vibe to ALEX SANDRO, but do not request or imply an exact likeness, identity-copy, or real photo replication. Rarity: Common. Visual strength: 40% luxury. Design language: white-silver clean World Cup collectible card, simple but still premium, clear player portrait, minimal glow. Country palette: canary yellow, emerald green, royal blue, gold. Use the unified card system inspired by the local Common template reference (assets/card_templates/sample-common-nelson-semedo.png): Layer 1 background and border, Layer 2 player portrait, Layer 3 UI information; keep the face and upper body clear. Visible card text only: ""阿莱士·桑德罗"", ""ALEX SANDRO"", ""Brazil"", ""#6"", ""DF"", ""Common"", ""2026 World Cup"", ""CAN / MEX / USA 2026"". Output filename: alex-sandro.png. Intended path: public/cards/brazil/alex-sandro.png. Strictly avoid UEFA EURO, EURO 2024, Qatar 2022, 2022 World Cup, ability values, attack/defense/speed attributes, FUT-style attribute panels, titles, codenames, slogans, short descriptive copy, club logos, sponsor logos, watermarks, extra random text, and misspelled tournament branding."
"Brazil","维尼修斯","VINICIUS JUNIOR","7","FW","Epic","P0","public/cards/brazil/vinicius.png","Create one complete vertical 2:3 AI-generated 2026 World Cup football collectible card for VINICIUS JUNIOR / 维尼修斯. National team: Brazil. Jersey: Brazil yellow home jersey with green trim and blue accents. Shirt number: #7. Position: FW. Portrait direction: create an original footballer portrait with a similar playing-role energy and public vibe to VINICIUS JUNIOR, but do not request or imply an exact likeness, identity-copy, or real photo replication. Rarity: Epic. Visual strength: 80% luxury. Design language: purple-gold and national-team energy card, star-player poster feeling, strong but controlled glow, premium gem-like border. Country palette: canary yellow, emerald green, royal blue, gold. Use the unified card system inspired by the local Epic template reference (assets/card_templates/sample-epic-bruno.png): Layer 1 background and border, Layer 2 player portrait, Layer 3 UI information; keep the face and upper body clear. Visible card text only: ""维尼修斯"", ""VINICIUS JUNIOR"", ""Brazil"", ""#7"", ""FW"", ""Epic"", ""2026 World Cup"", ""CAN / MEX / USA 2026"". Output filename: vinicius.png. Intended path: public/cards/brazil/vinicius.png. Strictly avoid UEFA EURO, EURO 2024, Qatar 2022, 2022 World Cup, ability values, attack/defense/speed attributes, FUT-style attribute panels, titles, codenames, slogans, short descriptive copy, club logos, sponsor logos, watermarks, extra random text, and misspelled tournament branding."
"Brazil","布鲁诺·吉马良斯","BRUNO GUIMARAES","8","MF","Rare","P2","public/cards/brazil/bruno-guimaraes.png","Create one complete vertical 2:3 AI-generated 2026 World Cup football collectible card for BRUNO GUIMARAES / 布鲁诺·吉马良斯. National team: Brazil. Jersey: Brazil yellow home jersey with green trim and blue accents. Shirt number: #8. Position: MF. Portrait direction: create an original footballer portrait with a similar playing-role energy and public vibe to BRUNO GUIMARAES, but do not request or imply an exact likeness, identity-copy, or real photo replication. Rarity: Rare. Visual strength: 60% luxury. Design language: blue-silver formal World Cup collectible card, clean premium border, clear player portrait, reduced light effects. Country palette: canary yellow, emerald green, royal blue, gold. Use the unified card system inspired by the local Rare template reference (assets/card_templates/sample-rare-diogo-costa.png): Layer 1 background and border, Layer 2 player portrait, Layer 3 UI information; keep the face and upper body clear. Visible card text only: ""布鲁诺·吉马良斯"", ""BRUNO GUIMARAES"", ""Brazil"", ""#8"", ""MF"", ""Rare"", ""2026 World Cup"", ""CAN / MEX / USA 2026"". Output filename: bruno-guimaraes.png. Intended path: public/cards/brazil/bruno-guimaraes.png. Strictly avoid UEFA EURO, EURO 2024, Qatar 2022, 2022 World Cup, ability values, attack/defense/speed attributes, FUT-style attribute panels, titles, codenames, slogans, short descriptive copy, club logos, sponsor logos, watermarks, extra random text, and misspelled tournament branding."
"Brazil","马特乌斯·库尼亚","MATHEUS CUNHA","9","FW","Common","P3","public/cards/brazil/matheus-cunha.png","Create one complete vertical 2:3 AI-generated 2026 World Cup football collectible card for MATHEUS CUNHA / 马特乌斯·库尼亚. National team: Brazil. Jersey: Brazil yellow home jersey with green trim and blue accents. Shirt number: #9. Position: FW. Portrait direction: create an original footballer portrait with a similar playing-role energy and public vibe to MATHEUS CUNHA, but do not request or imply an exact likeness, identity-copy, or real photo replication. Rarity: Common. Visual strength: 40% luxury. Design language: white-silver clean World Cup collectible card, simple but still premium, clear player portrait, minimal glow. Country palette: canary yellow, emerald green, royal blue, gold. Use the unified card system inspired by the local Common template reference (assets/card_templates/sample-common-nelson-semedo.png): Layer 1 background and border, Layer 2 player portrait, Layer 3 UI information; keep the face and upper body clear. Visible card text only: ""马特乌斯·库尼亚"", ""MATHEUS CUNHA"", ""Brazil"", ""#9"", ""FW"", ""Common"", ""2026 World Cup"", ""CAN / MEX / USA 2026"". Output filename: matheus-cunha.png. Intended path: public/cards/brazil/matheus-cunha.png. Strictly avoid UEFA EURO, EURO 2024, Qatar 2022, 2022 World Cup, ability values, attack/defense/speed attributes, FUT-style attribute panels, titles, codenames, slogans, short descriptive copy, club logos, sponsor logos, watermarks, extra random text, and misspelled tournament branding."
"Brazil","内马尔","NEYMAR JR","10","FW","Legend","P0","public/cards/brazil/neymar.png","Create one complete vertical 2:3 AI-generated 2026 World Cup football collectible card for NEYMAR JR / 内马尔. National team: Brazil. Jersey: Brazil yellow home jersey with green trim and blue accents. Shirt number: #10. Position: FW. Portrait direction: create an original footballer portrait with a similar playing-role energy and public vibe to NEYMAR JR, but do not request or imply an exact likeness, identity-copy, or real photo replication. Rarity: Legend. Visual strength: 100% luxury. Design language: black-and-gold cinematic national glory card, ornate premium border, strongest golden light, highest rarity, dramatic stadium atmosphere. Country palette: canary yellow, emerald green, royal blue, gold. Use the unified card system inspired by the local Legend template reference (assets/card_templates/sample-legend-ronaldo.png): Layer 1 background and border, Layer 2 player portrait, Layer 3 UI information; keep the face and upper body clear. Visible card text only: ""内马尔"", ""NEYMAR JR"", ""Brazil"", ""#10"", ""FW"", ""Legend"", ""2026 World Cup"", ""CAN / MEX / USA 2026"". Output filename: neymar.png. Intended path: public/cards/brazil/neymar.png. Strictly avoid UEFA EURO, EURO 2024, Qatar 2022, 2022 World Cup, ability values, attack/defense/speed attributes, FUT-style attribute panels, titles, codenames, slogans, short descriptive copy, club logos, sponsor logos, watermarks, extra random text, and misspelled tournament branding."
"Brazil","拉菲尼亚","RAPHINHA","11","FW","Epic","P1","public/cards/brazil/raphinha.png","Create one complete vertical 2:3 AI-generated 2026 World Cup football collectible card for RAPHINHA / 拉菲尼亚. National team: Brazil. Jersey: Brazil yellow home jersey with green trim and blue accents. Shirt number: #11. Position: FW. Portrait direction: create an original footballer portrait with a similar playing-role energy and public vibe to RAPHINHA, but do not request or imply an exact likeness, identity-copy, or real photo replication. Rarity: Epic. Visual strength: 80% luxury. Design language: purple-gold and national-team energy card, star-player poster feeling, strong but controlled glow, premium gem-like border. Country palette: canary yellow, emerald green, royal blue, gold. Use the unified card system inspired by the local Epic template reference (assets/card_templates/sample-epic-bruno.png): Layer 1 background and border, Layer 2 player portrait, Layer 3 UI information; keep the face and upper body clear. Visible card text only: ""拉菲尼亚"", ""RAPHINHA"", ""Brazil"", ""#11"", ""FW"", ""Epic"", ""2026 World Cup"", ""CAN / MEX / USA 2026"". Output filename: raphinha.png. Intended path: public/cards/brazil/raphinha.png. Strictly avoid UEFA EURO, EURO 2024, Qatar 2022, 2022 World Cup, ability values, attack/defense/speed attributes, FUT-style attribute panels, titles, codenames, slogans, short descriptive copy, club logos, sponsor logos, watermarks, extra random text, and misspelled tournament branding."
"Brazil","韦弗顿","WEVERTON","12","GK","Common","P3","public/cards/brazil/weverton.png","Create one complete vertical 2:3 AI-generated 2026 World Cup football collectible card for WEVERTON / 韦弗顿. National team: Brazil. Jersey: Brazil yellow home jersey with green trim and blue accents. Shirt number: #12. Position: GK. Portrait direction: create an original footballer portrait with a similar playing-role energy and public vibe to WEVERTON, but do not request or imply an exact likeness, identity-copy, or real photo replication. Rarity: Common. Visual strength: 40% luxury. Design language: white-silver clean World Cup collectible card, simple but still premium, clear player portrait, minimal glow. Country palette: canary yellow, emerald green, royal blue, gold. Use the unified card system inspired by the local Common template reference (assets/card_templates/sample-common-nelson-semedo.png): Layer 1 background and border, Layer 2 player portrait, Layer 3 UI information; keep the face and upper body clear. Visible card text only: ""韦弗顿"", ""WEVERTON"", ""Brazil"", ""#12"", ""GK"", ""Common"", ""2026 World Cup"", ""CAN / MEX / USA 2026"". Output filename: weverton.png. Intended path: public/cards/brazil/weverton.png. Strictly avoid UEFA EURO, EURO 2024, Qatar 2022, 2022 World Cup, ability values, attack/defense/speed attributes, FUT-style attribute panels, titles, codenames, slogans, short descriptive copy, club logos, sponsor logos, watermarks, extra random text, and misspelled tournament branding."
"Brazil","达尼洛","DANILO","13","DF","Common","P3","public/cards/brazil/danilo.png","Create one complete vertical 2:3 AI-generated 2026 World Cup football collectible card for DANILO / 达尼洛. National team: Brazil. Jersey: Brazil yellow home jersey with green trim and blue accents. Shirt number: #13. Position: DF. Portrait direction: create an original footballer portrait with a similar playing-role energy and public vibe to DANILO, but do not request or imply an exact likeness, identity-copy, or real photo replication. Rarity: Common. Visual strength: 40% luxury. Design language: white-silver clean World Cup collectible card, simple but still premium, clear player portrait, minimal glow. Country palette: canary yellow, emerald green, royal blue, gold. Use the unified card system inspired by the local Common template reference (assets/card_templates/sample-common-nelson-semedo.png): Layer 1 background and border, Layer 2 player portrait, Layer 3 UI information; keep the face and upper body clear. Visible card text only: ""达尼洛"", ""DANILO"", ""Brazil"", ""#13"", ""DF"", ""Common"", ""2026 World Cup"", ""CAN / MEX / USA 2026"". Output filename: danilo.png. Intended path: public/cards/brazil/danilo.png. Strictly avoid UEFA EURO, EURO 2024, Qatar 2022, 2022 World Cup, ability values, attack/defense/speed attributes, FUT-style attribute panels, titles, codenames, slogans, short descriptive copy, club logos, sponsor logos, watermarks, extra random text, and misspelled tournament branding."
"Brazil","布雷默","BREMER","14","DF","Common","P3","public/cards/brazil/bremer.png","Create one complete vertical 2:3 AI-generated 2026 World Cup football collectible card for BREMER / 布雷默. National team: Brazil. Jersey: Brazil yellow home jersey with green trim and blue accents. Shirt number: #14. Position: DF. Portrait direction: create an original footballer portrait with a similar playing-role energy and public vibe to BREMER, but do not request or imply an exact likeness, identity-copy, or real photo replication. Rarity: Common. Visual strength: 40% luxury. Design language: white-silver clean World Cup collectible card, simple but still premium, clear player portrait, minimal glow. Country palette: canary yellow, emerald green, royal blue, gold. Use the unified card system inspired by the local Common template reference (assets/card_templates/sample-common-nelson-semedo.png): Layer 1 background and border, Layer 2 player portrait, Layer 3 UI information; keep the face and upper body clear. Visible card text only: ""布雷默"", ""BREMER"", ""Brazil"", ""#14"", ""DF"", ""Common"", ""2026 World Cup"", ""CAN / MEX / USA 2026"". Output filename: bremer.png. Intended path: public/cards/brazil/bremer.png. Strictly avoid UEFA EURO, EURO 2024, Qatar 2022, 2022 World Cup, ability values, attack/defense/speed attributes, FUT-style attribute panels, titles, codenames, slogans, short descriptive copy, club logos, sponsor logos, watermarks, extra random text, and misspelled tournament branding."
"Brazil","莱奥·佩雷拉","LEO PEREIRA","15","DF","Common","P3","public/cards/brazil/leo-pereira.png","Create one complete vertical 2:3 AI-generated 2026 World Cup football collectible card for LEO PEREIRA / 莱奥·佩雷拉. National team: Brazil. Jersey: Brazil yellow home jersey with green trim and blue accents. Shirt number: #15. Position: DF. Portrait direction: create an original footballer portrait with a similar playing-role energy and public vibe to LEO PEREIRA, but do not request or imply an exact likeness, identity-copy, or real photo replication. Rarity: Common. Visual strength: 40% luxury. Design language: white-silver clean World Cup collectible card, simple but still premium, clear player portrait, minimal glow. Country palette: canary yellow, emerald green, royal blue, gold. Use the unified card system inspired by the local Common template reference (assets/card_templates/sample-common-nelson-semedo.png): Layer 1 background and border, Layer 2 player portrait, Layer 3 UI information; keep the face and upper body clear. Visible card text only: ""莱奥·佩雷拉"", ""LEO PEREIRA"", ""Brazil"", ""#15"", ""DF"", ""Common"", ""2026 World Cup"", ""CAN / MEX / USA 2026"". Output filename: leo-pereira.png. Intended path: public/cards/brazil/leo-pereira.png. Strictly avoid UEFA EURO, EURO 2024, Qatar 2022, 2022 World Cup, ability values, attack/defense/speed attributes, FUT-style attribute panels, titles, codenames, slogans, short descriptive copy, club logos, sponsor logos, watermarks, extra random text, and misspelled tournament branding."
"Brazil","道格拉斯·桑托斯","DOUGLAS SANTOS","16","DF","Common","P3","public/cards/brazil/douglas-santos.png","Create one complete vertical 2:3 AI-generated 2026 World Cup football collectible card for DOUGLAS SANTOS / 道格拉斯·桑托斯. National team: Brazil. Jersey: Brazil yellow home jersey with green trim and blue accents. Shirt number: #16. Position: DF. Portrait direction: create an original footballer portrait with a similar playing-role energy and public vibe to DOUGLAS SANTOS, but do not request or imply an exact likeness, identity-copy, or real photo replication. Rarity: Common. Visual strength: 40% luxury. Design language: white-silver clean World Cup collectible card, simple but still premium, clear player portrait, minimal glow. Country palette: canary yellow, emerald green, royal blue, gold. Use the unified card system inspired by the local Common template reference (assets/card_templates/sample-common-nelson-semedo.png): Layer 1 background and border, Layer 2 player portrait, Layer 3 UI information; keep the face and upper body clear. Visible card text only: ""道格拉斯·桑托斯"", ""DOUGLAS SANTOS"", ""Brazil"", ""#16"", ""DF"", ""Common"", ""2026 World Cup"", ""CAN / MEX / USA 2026"". Output filename: douglas-santos.png. Intended path: public/cards/brazil/douglas-santos.png. Strictly avoid UEFA EURO, EURO 2024, Qatar 2022, 2022 World Cup, ability values, attack/defense/speed attributes, FUT-style attribute panels, titles, codenames, slogans, short descriptive copy, club logos, sponsor logos, watermarks, extra random text, and misspelled tournament branding."
"Brazil","法比尼奥","FABINHO","17","MF","Common","P3","public/cards/brazil/fabinho.png","Create one complete vertical 2:3 AI-generated 2026 World Cup football collectible card for FABINHO / 法比尼奥. National team: Brazil. Jersey: Brazil yellow home jersey with green trim and blue accents. Shirt number: #17. Position: MF. Portrait direction: create an original footballer portrait with a similar playing-role energy and public vibe to FABINHO, but do not request or imply an exact likeness, identity-copy, or real photo replication. Rarity: Common. Visual strength: 40% luxury. Design language: white-silver clean World Cup collectible card, simple but still premium, clear player portrait, minimal glow. Country palette: canary yellow, emerald green, royal blue, gold. Use the unified card system inspired by the local Common template reference (assets/card_templates/sample-common-nelson-semedo.png): Layer 1 background and border, Layer 2 player portrait, Layer 3 UI information; keep the face and upper body clear. Visible card text only: ""法比尼奥"", ""FABINHO"", ""Brazil"", ""#17"", ""MF"", ""Common"", ""2026 World Cup"", ""CAN / MEX / USA 2026"". Output filename: fabinho.png. Intended path: public/cards/brazil/fabinho.png. Strictly avoid UEFA EURO, EURO 2024, Qatar 2022, 2022 World Cup, ability values, attack/defense/speed attributes, FUT-style attribute panels, titles, codenames, slogans, short descriptive copy, club logos, sponsor logos, watermarks, extra random text, and misspelled tournament branding."
"Brazil","达尼洛·桑托斯","DANILO SANTOS","18","MF","Common","P3","public/cards/brazil/danilo-santos.png","Create one complete vertical 2:3 AI-generated 2026 World Cup football collectible card for DANILO SANTOS / 达尼洛·桑托斯. National team: Brazil. Jersey: Brazil yellow home jersey with green trim and blue accents. Shirt number: #18. Position: MF. Portrait direction: create an original footballer portrait with a similar playing-role energy and public vibe to DANILO SANTOS, but do not request or imply an exact likeness, identity-copy, or real photo replication. Rarity: Common. Visual strength: 40% luxury. Design language: white-silver clean World Cup collectible card, simple but still premium, clear player portrait, minimal glow. Country palette: canary yellow, emerald green, royal blue, gold. Use the unified card system inspired by the local Common template reference (assets/card_templates/sample-common-nelson-semedo.png): Layer 1 background and border, Layer 2 player portrait, Layer 3 UI information; keep the face and upper body clear. Visible card text only: ""达尼洛·桑托斯"", ""DANILO SANTOS"", ""Brazil"", ""#18"", ""MF"", ""Common"", ""2026 World Cup"", ""CAN / MEX / USA 2026"". Output filename: danilo-santos.png. Intended path: public/cards/brazil/danilo-santos.png. Strictly avoid UEFA EURO, EURO 2024, Qatar 2022, 2022 World Cup, ability values, attack/defense/speed attributes, FUT-style attribute panels, titles, codenames, slogans, short descriptive copy, club logos, sponsor logos, watermarks, extra random text, and misspelled tournament branding."
"Brazil","恩德里克","ENDRICK","19","FW","Rare","P2","public/cards/brazil/endrick.png","Create one complete vertical 2:3 AI-generated 2026 World Cup football collectible card for ENDRICK / 恩德里克. National team: Brazil. Jersey: Brazil yellow home jersey with green trim and blue accents. Shirt number: #19. Position: FW. Portrait direction: create an original footballer portrait with a similar playing-role energy and public vibe to ENDRICK, but do not request or imply an exact likeness, identity-copy, or real photo replication. Rarity: Rare. Visual strength: 60% luxury. Design language: blue-silver formal World Cup collectible card, clean premium border, clear player portrait, reduced light effects. Country palette: canary yellow, emerald green, royal blue, gold. Use the unified card system inspired by the local Rare template reference (assets/card_templates/sample-rare-diogo-costa.png): Layer 1 background and border, Layer 2 player portrait, Layer 3 UI information; keep the face and upper body clear. Visible card text only: ""恩德里克"", ""ENDRICK"", ""Brazil"", ""#19"", ""FW"", ""Rare"", ""2026 World Cup"", ""CAN / MEX / USA 2026"". Output filename: endrick.png. Intended path: public/cards/brazil/endrick.png. Strictly avoid UEFA EURO, EURO 2024, Qatar 2022, 2022 World Cup, ability values, attack/defense/speed attributes, FUT-style attribute panels, titles, codenames, slogans, short descriptive copy, club logos, sponsor logos, watermarks, extra random text, and misspelled tournament branding."
"Brazil","卢卡斯·帕奎塔","LUCAS PAQUETA","20","MF","Common","P3","public/cards/brazil/lucas-paqueta.png","Create one complete vertical 2:3 AI-generated 2026 World Cup football collectible card for LUCAS PAQUETA / 卢卡斯·帕奎塔. National team: Brazil. Jersey: Brazil yellow home jersey with green trim and blue accents. Shirt number: #20. Position: MF. Portrait direction: create an original footballer portrait with a similar playing-role energy and public vibe to LUCAS PAQUETA, but do not request or imply an exact likeness, identity-copy, or real photo replication. Rarity: Common. Visual strength: 40% luxury. Design language: white-silver clean World Cup collectible card, simple but still premium, clear player portrait, minimal glow. Country palette: canary yellow, emerald green, royal blue, gold. Use the unified card system inspired by the local Common template reference (assets/card_templates/sample-common-nelson-semedo.png): Layer 1 background and border, Layer 2 player portrait, Layer 3 UI information; keep the face and upper body clear. Visible card text only: ""卢卡斯·帕奎塔"", ""LUCAS PAQUETA"", ""Brazil"", ""#20"", ""MF"", ""Common"", ""2026 World Cup"", ""CAN / MEX / USA 2026"". Output filename: lucas-paqueta.png. Intended path: public/cards/brazil/lucas-paqueta.png. Strictly avoid UEFA EURO, EURO 2024, Qatar 2022, 2022 World Cup, ability values, attack/defense/speed attributes, FUT-style attribute panels, titles, codenames, slogans, short descriptive copy, club logos, sponsor logos, watermarks, extra random text, and misspelled tournament branding."
"Brazil","路易斯·恩里克","LUIZ HENRIQUE","21","FW","Common","P3","public/cards/brazil/luiz-henrique.png","Create one complete vertical 2:3 AI-generated 2026 World Cup football collectible card for LUIZ HENRIQUE / 路易斯·恩里克. National team: Brazil. Jersey: Brazil yellow home jersey with green trim and blue accents. Shirt number: #21. Position: FW. Portrait direction: create an original footballer portrait with a similar playing-role energy and public vibe to LUIZ HENRIQUE, but do not request or imply an exact likeness, identity-copy, or real photo replication. Rarity: Common. Visual strength: 40% luxury. Design language: white-silver clean World Cup collectible card, simple but still premium, clear player portrait, minimal glow. Country palette: canary yellow, emerald green, royal blue, gold. Use the unified card system inspired by the local Common template reference (assets/card_templates/sample-common-nelson-semedo.png): Layer 1 background and border, Layer 2 player portrait, Layer 3 UI information; keep the face and upper body clear. Visible card text only: ""路易斯·恩里克"", ""LUIZ HENRIQUE"", ""Brazil"", ""#21"", ""FW"", ""Common"", ""2026 World Cup"", ""CAN / MEX / USA 2026"". Output filename: luiz-henrique.png. Intended path: public/cards/brazil/luiz-henrique.png. Strictly avoid UEFA EURO, EURO 2024, Qatar 2022, 2022 World Cup, ability values, attack/defense/speed attributes, FUT-style attribute panels, titles, codenames, slogans, short descriptive copy, club logos, sponsor logos, watermarks, extra random text, and misspelled tournament branding."
"Brazil","加布里埃尔·马丁内利","GABRIEL MARTINELLI","22","FW","Common","P3","public/cards/brazil/gabriel-martinelli.png","Create one complete vertical 2:3 AI-generated 2026 World Cup football collectible card for GABRIEL MARTINELLI / 加布里埃尔·马丁内利. National team: Brazil. Jersey: Brazil yellow home jersey with green trim and blue accents. Shirt number: #22. Position: FW. Portrait direction: create an original footballer portrait with a similar playing-role energy and public vibe to GABRIEL MARTINELLI, but do not request or imply an exact likeness, identity-copy, or real photo replication. Rarity: Common. Visual strength: 40% luxury. Design language: white-silver clean World Cup collectible card, simple but still premium, clear player portrait, minimal glow. Country palette: canary yellow, emerald green, royal blue, gold. Use the unified card system inspired by the local Common template reference (assets/card_templates/sample-common-nelson-semedo.png): Layer 1 background and border, Layer 2 player portrait, Layer 3 UI information; keep the face and upper body clear. Visible card text only: ""加布里埃尔·马丁内利"", ""GABRIEL MARTINELLI"", ""Brazil"", ""#22"", ""FW"", ""Common"", ""2026 World Cup"", ""CAN / MEX / USA 2026"". Output filename: gabriel-martinelli.png. Intended path: public/cards/brazil/gabriel-martinelli.png. Strictly avoid UEFA EURO, EURO 2024, Qatar 2022, 2022 World Cup, ability values, attack/defense/speed attributes, FUT-style attribute panels, titles, codenames, slogans, short descriptive copy, club logos, sponsor logos, watermarks, extra random text, and misspelled tournament branding."
"Brazil","埃德森","EDERSON","23","GK","Common","P3","public/cards/brazil/ederson.png","Create one complete vertical 2:3 AI-generated 2026 World Cup football collectible card for EDERSON / 埃德森. National team: Brazil. Jersey: Brazil yellow home jersey with green trim and blue accents. Shirt number: #23. Position: GK. Portrait direction: create an original footballer portrait with a similar playing-role energy and public vibe to EDERSON, but do not request or imply an exact likeness, identity-copy, or real photo replication. Rarity: Common. Visual strength: 40% luxury. Design language: white-silver clean World Cup collectible card, simple but still premium, clear player portrait, minimal glow. Country palette: canary yellow, emerald green, royal blue, gold. Use the unified card system inspired by the local Common template reference (assets/card_templates/sample-common-nelson-semedo.png): Layer 1 background and border, Layer 2 player portrait, Layer 3 UI information; keep the face and upper body clear. Visible card text only: ""埃德森"", ""EDERSON"", ""Brazil"", ""#23"", ""GK"", ""Common"", ""2026 World Cup"", ""CAN / MEX / USA 2026"". Output filename: ederson.png. Intended path: public/cards/brazil/ederson.png. Strictly avoid UEFA EURO, EURO 2024, Qatar 2022, 2022 World Cup, ability values, attack/defense/speed attributes, FUT-style attribute panels, titles, codenames, slogans, short descriptive copy, club logos, sponsor logos, watermarks, extra random text, and misspelled tournament branding."
"Brazil","罗热·伊巴涅斯","ROGER IBANEZ","24","DF","Common","P3","public/cards/brazil/roger-ibanez.png","Create one complete vertical 2:3 AI-generated 2026 World Cup football collectible card for ROGER IBANEZ / 罗热·伊巴涅斯. National team: Brazil. Jersey: Brazil yellow home jersey with green trim and blue accents. Shirt number: #24. Position: DF. Portrait direction: create an original footballer portrait with a similar playing-role energy and public vibe to ROGER IBANEZ, but do not request or imply an exact likeness, identity-copy, or real photo replication. Rarity: Common. Visual strength: 40% luxury. Design language: white-silver clean World Cup collectible card, simple but still premium, clear player portrait, minimal glow. Country palette: canary yellow, emerald green, royal blue, gold. Use the unified card system inspired by the local Common template reference (assets/card_templates/sample-common-nelson-semedo.png): Layer 1 background and border, Layer 2 player portrait, Layer 3 UI information; keep the face and upper body clear. Visible card text only: ""罗热·伊巴涅斯"", ""ROGER IBANEZ"", ""Brazil"", ""#24"", ""DF"", ""Common"", ""2026 World Cup"", ""CAN / MEX / USA 2026"". Output filename: roger-ibanez.png. Intended path: public/cards/brazil/roger-ibanez.png. Strictly avoid UEFA EURO, EURO 2024, Qatar 2022, 2022 World Cup, ability values, attack/defense/speed attributes, FUT-style attribute panels, titles, codenames, slogans, short descriptive copy, club logos, sponsor logos, watermarks, extra random text, and misspelled tournament branding."
"Brazil","伊戈尔·蒂亚戈","IGOR THIAGO","25","FW","Common","P3","public/cards/brazil/igor-thiago.png","Create one complete vertical 2:3 AI-generated 2026 World Cup football collectible card for IGOR THIAGO / 伊戈尔·蒂亚戈. National team: Brazil. Jersey: Brazil yellow home jersey with green trim and blue accents. Shirt number: #25. Position: FW. Portrait direction: create an original footballer portrait with a similar playing-role energy and public vibe to IGOR THIAGO, but do not request or imply an exact likeness, identity-copy, or real photo replication. Rarity: Common. Visual strength: 40% luxury. Design language: white-silver clean World Cup collectible card, simple but still premium, clear player portrait, minimal glow. Country palette: canary yellow, emerald green, royal blue, gold. Use the unified card system inspired by the local Common template reference (assets/card_templates/sample-common-nelson-semedo.png): Layer 1 background and border, Layer 2 player portrait, Layer 3 UI information; keep the face and upper body clear. Visible card text only: ""伊戈尔·蒂亚戈"", ""IGOR THIAGO"", ""Brazil"", ""#25"", ""FW"", ""Common"", ""2026 World Cup"", ""CAN / MEX / USA 2026"". Output filename: igor-thiago.png. Intended path: public/cards/brazil/igor-thiago.png. Strictly avoid UEFA EURO, EURO 2024, Qatar 2022, 2022 World Cup, ability values, attack/defense/speed attributes, FUT-style attribute panels, titles, codenames, slogans, short descriptive copy, club logos, sponsor logos, watermarks, extra random text, and misspelled tournament branding."
"Brazil","拉扬","RAYAN","26","FW","Common","P3","public/cards/brazil/rayan.png","Create one complete vertical 2:3 AI-generated 2026 World Cup football collectible card for RAYAN / 拉扬. National team: Brazil. Jersey: Brazil yellow home jersey with green trim and blue accents. Shirt number: #26. Position: FW. Portrait direction: create an original footballer portrait with a similar playing-role energy and public vibe to RAYAN, but do not request or imply an exact likeness, identity-copy, or real photo replication. Rarity: Common. Visual strength: 40% luxury. Design language: white-silver clean World Cup collectible card, simple but still premium, clear player portrait, minimal glow. Country palette: canary yellow, emerald green, royal blue, gold. Use the unified card system inspired by the local Common template reference (assets/card_templates/sample-common-nelson-semedo.png): Layer 1 background and border, Layer 2 player portrait, Layer 3 UI information; keep the face and upper body clear. Visible card text only: ""拉扬"", ""RAYAN"", ""Brazil"", ""#26"", ""FW"", ""Common"", ""2026 World Cup"", ""CAN / MEX / USA 2026"". Output filename: rayan.png. Intended path: public/cards/brazil/rayan.png. Strictly avoid UEFA EURO, EURO 2024, Qatar 2022, 2022 World Cup, ability values, attack/defense/speed attributes, FUT-style attribute panels, titles, codenames, slogans, short descriptive copy, club logos, sponsor logos, watermarks, extra random text, and misspelled tournament branding."
"Japan","铃木彩艳","SUZUKI Zion","1","GK","Rare","P2","public/cards/japan/suzuki-zion.png","Create one complete vertical 2:3 AI-generated 2026 World Cup football collectible card for SUZUKI Zion / 铃木彩艳. National team: Japan. Jersey: Japan deep blue home jersey with white and red accents. Shirt number: #1. Position: GK. Portrait direction: create an original footballer portrait with a similar playing-role energy and public vibe to SUZUKI Zion, but do not request or imply an exact likeness, identity-copy, or real photo replication. Rarity: Rare. Visual strength: 60% luxury. Design language: blue-silver formal World Cup collectible card, clean premium border, clear player portrait, reduced light effects. Country palette: deep blue, white, red, silver. Use the unified card system inspired by the local Rare template reference (assets/card_templates/sample-rare-diogo-costa.png): Layer 1 background and border, Layer 2 player portrait, Layer 3 UI information; keep the face and upper body clear. Visible card text only: ""铃木彩艳"", ""SUZUKI Zion"", ""Japan"", ""#1"", ""GK"", ""Rare"", ""2026 World Cup"", ""CAN / MEX / USA 2026"". Output filename: suzuki-zion.png. Intended path: public/cards/japan/suzuki-zion.png. Strictly avoid UEFA EURO, EURO 2024, Qatar 2022, 2022 World Cup, ability values, attack/defense/speed attributes, FUT-style attribute panels, titles, codenames, slogans, short descriptive copy, club logos, sponsor logos, watermarks, extra random text, and misspelled tournament branding."
"Japan","菅原由势","SUGAWARA Yukinari","2","DF","Common","P3","public/cards/japan/sugawara-yukinari.png","Create one complete vertical 2:3 AI-generated 2026 World Cup football collectible card for SUGAWARA Yukinari / 菅原由势. National team: Japan. Jersey: Japan deep blue home jersey with white and red accents. Shirt number: #2. Position: DF. Portrait direction: create an original footballer portrait with a similar playing-role energy and public vibe to SUGAWARA Yukinari, but do not request or imply an exact likeness, identity-copy, or real photo replication. Rarity: Common. Visual strength: 40% luxury. Design language: white-silver clean World Cup collectible card, simple but still premium, clear player portrait, minimal glow. Country palette: deep blue, white, red, silver. Use the unified card system inspired by the local Common template reference (assets/card_templates/sample-common-nelson-semedo.png): Layer 1 background and border, Layer 2 player portrait, Layer 3 UI information; keep the face and upper body clear. Visible card text only: ""菅原由势"", ""SUGAWARA Yukinari"", ""Japan"", ""#2"", ""DF"", ""Common"", ""2026 World Cup"", ""CAN / MEX / USA 2026"". Output filename: sugawara-yukinari.png. Intended path: public/cards/japan/sugawara-yukinari.png. Strictly avoid UEFA EURO, EURO 2024, Qatar 2022, 2022 World Cup, ability values, attack/defense/speed attributes, FUT-style attribute panels, titles, codenames, slogans, short descriptive copy, club logos, sponsor logos, watermarks, extra random text, and misspelled tournament branding."
"Japan","谷口彰悟","TANIGUCHI Shogo","3","DF","Common","P3","public/cards/japan/taniguchi-shogo.png","Create one complete vertical 2:3 AI-generated 2026 World Cup football collectible card for TANIGUCHI Shogo / 谷口彰悟. National team: Japan. Jersey: Japan deep blue home jersey with white and red accents. Shirt number: #3. Position: DF. Portrait direction: create an original footballer portrait with a similar playing-role energy and public vibe to TANIGUCHI Shogo, but do not request or imply an exact likeness, identity-copy, or real photo replication. Rarity: Common. Visual strength: 40% luxury. Design language: white-silver clean World Cup collectible card, simple but still premium, clear player portrait, minimal glow. Country palette: deep blue, white, red, silver. Use the unified card system inspired by the local Common template reference (assets/card_templates/sample-common-nelson-semedo.png): Layer 1 background and border, Layer 2 player portrait, Layer 3 UI information; keep the face and upper body clear. Visible card text only: ""谷口彰悟"", ""TANIGUCHI Shogo"", ""Japan"", ""#3"", ""DF"", ""Common"", ""2026 World Cup"", ""CAN / MEX / USA 2026"". Output filename: taniguchi-shogo.png. Intended path: public/cards/japan/taniguchi-shogo.png. Strictly avoid UEFA EURO, EURO 2024, Qatar 2022, 2022 World Cup, ability values, attack/defense/speed attributes, FUT-style attribute panels, titles, codenames, slogans, short descriptive copy, club logos, sponsor logos, watermarks, extra random text, and misspelled tournament branding."
"Japan","板仓滉","ITAKURA Kou","4","DF","Rare","P2","public/cards/japan/itakura-kou.png","Create one complete vertical 2:3 AI-generated 2026 World Cup football collectible card for ITAKURA Kou / 板仓滉. National team: Japan. Jersey: Japan deep blue home jersey with white and red accents. Shirt number: #4. Position: DF. Portrait direction: create an original footballer portrait with a similar playing-role energy and public vibe to ITAKURA Kou, but do not request or imply an exact likeness, identity-copy, or real photo replication. Rarity: Rare. Visual strength: 60% luxury. Design language: blue-silver formal World Cup collectible card, clean premium border, clear player portrait, reduced light effects. Country palette: deep blue, white, red, silver. Use the unified card system inspired by the local Rare template reference (assets/card_templates/sample-rare-diogo-costa.png): Layer 1 background and border, Layer 2 player portrait, Layer 3 UI information; keep the face and upper body clear. Visible card text only: ""板仓滉"", ""ITAKURA Kou"", ""Japan"", ""#4"", ""DF"", ""Rare"", ""2026 World Cup"", ""CAN / MEX / USA 2026"". Output filename: itakura-kou.png. Intended path: public/cards/japan/itakura-kou.png. Strictly avoid UEFA EURO, EURO 2024, Qatar 2022, 2022 World Cup, ability values, attack/defense/speed attributes, FUT-style attribute panels, titles, codenames, slogans, short descriptive copy, club logos, sponsor logos, watermarks, extra random text, and misspelled tournament branding."
"Japan","长友佑都","NAGATOMO Yuto","5","DF","Common","P3","public/cards/japan/nagatomo-yuto.png","Create one complete vertical 2:3 AI-generated 2026 World Cup football collectible card for NAGATOMO Yuto / 长友佑都. National team: Japan. Jersey: Japan deep blue home jersey with white and red accents. Shirt number: #5. Position: DF. Portrait direction: create an original footballer portrait with a similar playing-role energy and public vibe to NAGATOMO Yuto, but do not request or imply an exact likeness, identity-copy, or real photo replication. Rarity: Common. Visual strength: 40% luxury. Design language: white-silver clean World Cup collectible card, simple but still premium, clear player portrait, minimal glow. Country palette: deep blue, white, red, silver. Use the unified card system inspired by the local Common template reference (assets/card_templates/sample-common-nelson-semedo.png): Layer 1 background and border, Layer 2 player portrait, Layer 3 UI information; keep the face and upper body clear. Visible card text only: ""长友佑都"", ""NAGATOMO Yuto"", ""Japan"", ""#5"", ""DF"", ""Common"", ""2026 World Cup"", ""CAN / MEX / USA 2026"". Output filename: nagatomo-yuto.png. Intended path: public/cards/japan/nagatomo-yuto.png. Strictly avoid UEFA EURO, EURO 2024, Qatar 2022, 2022 World Cup, ability values, attack/defense/speed attributes, FUT-style attribute panels, titles, codenames, slogans, short descriptive copy, club logos, sponsor logos, watermarks, extra random text, and misspelled tournament branding."
"Japan","町野修斗","MACHINO Shuto","6","FW","Common","P3","public/cards/japan/machino-shuto.png","Create one complete vertical 2:3 AI-generated 2026 World Cup football collectible card for MACHINO Shuto / 町野修斗. National team: Japan. Jersey: Japan deep blue home jersey with white and red accents. Shirt number: #6. Position: FW. Portrait direction: create an original footballer portrait with a similar playing-role energy and public vibe to MACHINO Shuto, but do not request or imply an exact likeness, identity-copy, or real photo replication. Rarity: Common. Visual strength: 40% luxury. Design language: white-silver clean World Cup collectible card, simple but still premium, clear player portrait, minimal glow. Country palette: deep blue, white, red, silver. Use the unified card system inspired by the local Common template reference (assets/card_templates/sample-common-nelson-semedo.png): Layer 1 background and border, Layer 2 player portrait, Layer 3 UI information; keep the face and upper body clear. Visible card text only: ""町野修斗"", ""MACHINO Shuto"", ""Japan"", ""#6"", ""FW"", ""Common"", ""2026 World Cup"", ""CAN / MEX / USA 2026"". Output filename: machino-shuto.png. Intended path: public/cards/japan/machino-shuto.png. Strictly avoid UEFA EURO, EURO 2024, Qatar 2022, 2022 World Cup, ability values, attack/defense/speed attributes, FUT-style attribute panels, titles, codenames, slogans, short descriptive copy, club logos, sponsor logos, watermarks, extra random text, and misspelled tournament branding."
"Japan","田中碧","TANAKA Ao","7","MF","Common","P3","public/cards/japan/tanaka-ao.png","Create one complete vertical 2:3 AI-generated 2026 World Cup football collectible card for TANAKA Ao / 田中碧. National team: Japan. Jersey: Japan deep blue home jersey with white and red accents. Shirt number: #7. Position: MF. Portrait direction: create an original footballer portrait with a similar playing-role energy and public vibe to TANAKA Ao, but do not request or imply an exact likeness, identity-copy, or real photo replication. Rarity: Common. Visual strength: 40% luxury. Design language: white-silver clean World Cup collectible card, simple but still premium, clear player portrait, minimal glow. Country palette: deep blue, white, red, silver. Use the unified card system inspired by the local Common template reference (assets/card_templates/sample-common-nelson-semedo.png): Layer 1 background and border, Layer 2 player portrait, Layer 3 UI information; keep the face and upper body clear. Visible card text only: ""田中碧"", ""TANAKA Ao"", ""Japan"", ""#7"", ""MF"", ""Common"", ""2026 World Cup"", ""CAN / MEX / USA 2026"". Output filename: tanaka-ao.png. Intended path: public/cards/japan/tanaka-ao.png. Strictly avoid UEFA EURO, EURO 2024, Qatar 2022, 2022 World Cup, ability values, attack/defense/speed attributes, FUT-style attribute panels, titles, codenames, slogans, short descriptive copy, club logos, sponsor logos, watermarks, extra random text, and misspelled tournament branding."
"Japan","久保建英","KUBO Takefusa","8","MF","Legend","P1","public/cards/japan/kubo-takefusa.png","Create one complete vertical 2:3 AI-generated 2026 World Cup football collectible card for KUBO Takefusa / 久保建英. National team: Japan. Jersey: Japan deep blue home jersey with white and red accents. Shirt number: #8. Position: MF. Portrait direction: create an original footballer portrait with a similar playing-role energy and public vibe to KUBO Takefusa, but do not request or imply an exact likeness, identity-copy, or real photo replication. Rarity: Legend. Visual strength: 100% luxury. Design language: black-and-gold cinematic national glory card, ornate premium border, strongest golden light, highest rarity, dramatic stadium atmosphere. Country palette: deep blue, white, red, silver. Use the unified card system inspired by the local Legend template reference (assets/card_templates/sample-legend-ronaldo.png): Layer 1 background and border, Layer 2 player portrait, Layer 3 UI information; keep the face and upper body clear. Visible card text only: ""久保建英"", ""KUBO Takefusa"", ""Japan"", ""#8"", ""MF"", ""Legend"", ""2026 World Cup"", ""CAN / MEX / USA 2026"". Output filename: kubo-takefusa.png. Intended path: public/cards/japan/kubo-takefusa.png. Strictly avoid UEFA EURO, EURO 2024, Qatar 2022, 2022 World Cup, ability values, attack/defense/speed attributes, FUT-style attribute panels, titles, codenames, slogans, short descriptive copy, club logos, sponsor logos, watermarks, extra random text, and misspelled tournament branding."
"Japan","后藤启介","GOTO Keisuke","9","FW","Common","P3","public/cards/japan/goto-keisuke.png","Create one complete vertical 2:3 AI-generated 2026 World Cup football collectible card for GOTO Keisuke / 后藤启介. National team: Japan. Jersey: Japan deep blue home jersey with white and red accents. Shirt number: #9. Position: FW. Portrait direction: create an original footballer portrait with a similar playing-role energy and public vibe to GOTO Keisuke, but do not request or imply an exact likeness, identity-copy, or real photo replication. Rarity: Common. Visual strength: 40% luxury. Design language: white-silver clean World Cup collectible card, simple but still premium, clear player portrait, minimal glow. Country palette: deep blue, white, red, silver. Use the unified card system inspired by the local Common template reference (assets/card_templates/sample-common-nelson-semedo.png): Layer 1 background and border, Layer 2 player portrait, Layer 3 UI information; keep the face and upper body clear. Visible card text only: ""后藤启介"", ""GOTO Keisuke"", ""Japan"", ""#9"", ""FW"", ""Common"", ""2026 World Cup"", ""CAN / MEX / USA 2026"". Output filename: goto-keisuke.png. Intended path: public/cards/japan/goto-keisuke.png. Strictly avoid UEFA EURO, EURO 2024, Qatar 2022, 2022 World Cup, ability values, attack/defense/speed attributes, FUT-style attribute panels, titles, codenames, slogans, short descriptive copy, club logos, sponsor logos, watermarks, extra random text, and misspelled tournament branding."
"Japan","堂安律","DOAN Ritsu","10","MF","Epic","P1","public/cards/japan/doan-ritsu.png","Create one complete vertical 2:3 AI-generated 2026 World Cup football collectible card for DOAN Ritsu / 堂安律. National team: Japan. Jersey: Japan deep blue home jersey with white and red accents. Shirt number: #10. Position: MF. Portrait direction: create an original footballer portrait with a similar playing-role energy and public vibe to DOAN Ritsu, but do not request or imply an exact likeness, identity-copy, or real photo replication. Rarity: Epic. Visual strength: 80% luxury. Design language: purple-gold and national-team energy card, star-player poster feeling, strong but controlled glow, premium gem-like border. Country palette: deep blue, white, red, silver. Use the unified card system inspired by the local Epic template reference (assets/card_templates/sample-epic-bruno.png): Layer 1 background and border, Layer 2 player portrait, Layer 3 UI information; keep the face and upper body clear. Visible card text only: ""堂安律"", ""DOAN Ritsu"", ""Japan"", ""#10"", ""MF"", ""Epic"", ""2026 World Cup"", ""CAN / MEX / USA 2026"". Output filename: doan-ritsu.png. Intended path: public/cards/japan/doan-ritsu.png. Strictly avoid UEFA EURO, EURO 2024, Qatar 2022, 2022 World Cup, ability values, attack/defense/speed attributes, FUT-style attribute panels, titles, codenames, slogans, short descriptive copy, club logos, sponsor logos, watermarks, extra random text, and misspelled tournament branding."
"Japan","前田大然","MAEDA Daizen","11","MF","Rare","P2","public/cards/japan/maeda-daizen.png","Create one complete vertical 2:3 AI-generated 2026 World Cup football collectible card for MAEDA Daizen / 前田大然. National team: Japan. Jersey: Japan deep blue home jersey with white and red accents. Shirt number: #11. Position: MF. Portrait direction: create an original footballer portrait with a similar playing-role energy and public vibe to MAEDA Daizen, but do not request or imply an exact likeness, identity-copy, or real photo replication. Rarity: Rare. Visual strength: 60% luxury. Design language: blue-silver formal World Cup collectible card, clean premium border, clear player portrait, reduced light effects. Country palette: deep blue, white, red, silver. Use the unified card system inspired by the local Rare template reference (assets/card_templates/sample-rare-diogo-costa.png): Layer 1 background and border, Layer 2 player portrait, Layer 3 UI information; keep the face and upper body clear. Visible card text only: ""前田大然"", ""MAEDA Daizen"", ""Japan"", ""#11"", ""MF"", ""Rare"", ""2026 World Cup"", ""CAN / MEX / USA 2026"". Output filename: maeda-daizen.png. Intended path: public/cards/japan/maeda-daizen.png. Strictly avoid UEFA EURO, EURO 2024, Qatar 2022, 2022 World Cup, ability values, attack/defense/speed attributes, FUT-style attribute panels, titles, codenames, slogans, short descriptive copy, club logos, sponsor logos, watermarks, extra random text, and misspelled tournament branding."
"Japan","大迫敬介","OSAKO Keisuke","12","GK","Common","P3","public/cards/japan/osako-keisuke.png","Create one complete vertical 2:3 AI-generated 2026 World Cup football collectible card for OSAKO Keisuke / 大迫敬介. National team: Japan. Jersey: Japan deep blue home jersey with white and red accents. Shirt number: #12. Position: GK. Portrait direction: create an original footballer portrait with a similar playing-role energy and public vibe to OSAKO Keisuke, but do not request or imply an exact likeness, identity-copy, or real photo replication. Rarity: Common. Visual strength: 40% luxury. Design language: white-silver clean World Cup collectible card, simple but still premium, clear player portrait, minimal glow. Country palette: deep blue, white, red, silver. Use the unified card system inspired by the local Common template reference (assets/card_templates/sample-common-nelson-semedo.png): Layer 1 background and border, Layer 2 player portrait, Layer 3 UI information; keep the face and upper body clear. Visible card text only: ""大迫敬介"", ""OSAKO Keisuke"", ""Japan"", ""#12"", ""GK"", ""Common"", ""2026 World Cup"", ""CAN / MEX / USA 2026"". Output filename: osako-keisuke.png. Intended path: public/cards/japan/osako-keisuke.png. Strictly avoid UEFA EURO, EURO 2024, Qatar 2022, 2022 World Cup, ability values, attack/defense/speed attributes, FUT-style attribute panels, titles, codenames, slogans, short descriptive copy, club logos, sponsor logos, watermarks, extra random text, and misspelled tournament branding."
"Japan","中村敬斗","NAKAMURA Keito","13","MF","Rare","P2","public/cards/japan/nakamura-keito.png","Create one complete vertical 2:3 AI-generated 2026 World Cup football collectible card for NAKAMURA Keito / 中村敬斗. National team: Japan. Jersey: Japan deep blue home jersey with white and red accents. Shirt number: #13. Position: MF. Portrait direction: create an original footballer portrait with a similar playing-role energy and public vibe to NAKAMURA Keito, but do not request or imply an exact likeness, identity-copy, or real photo replication. Rarity: Rare. Visual strength: 60% luxury. Design language: blue-silver formal World Cup collectible card, clean premium border, clear player portrait, reduced light effects. Country palette: deep blue, white, red, silver. Use the unified card system inspired by the local Rare template reference (assets/card_templates/sample-rare-diogo-costa.png): Layer 1 background and border, Layer 2 player portrait, Layer 3 UI information; keep the face and upper body clear. Visible card text only: ""中村敬斗"", ""NAKAMURA Keito"", ""Japan"", ""#13"", ""MF"", ""Rare"", ""2026 World Cup"", ""CAN / MEX / USA 2026"". Output filename: nakamura-keito.png. Intended path: public/cards/japan/nakamura-keito.png. Strictly avoid UEFA EURO, EURO 2024, Qatar 2022, 2022 World Cup, ability values, attack/defense/speed attributes, FUT-style attribute panels, titles, codenames, slogans, short descriptive copy, club logos, sponsor logos, watermarks, extra random text, and misspelled tournament branding."
"Japan","伊东纯也","ITO Junya","14","MF","Rare","P2","public/cards/japan/ito-junya.png","Create one complete vertical 2:3 AI-generated 2026 World Cup football collectible card for ITO Junya / 伊东纯也. National team: Japan. Jersey: Japan deep blue home jersey with white and red accents. Shirt number: #14. Position: MF. Portrait direction: create an original footballer portrait with a similar playing-role energy and public vibe to ITO Junya, but do not request or imply an exact likeness, identity-copy, or real photo replication. Rarity: Rare. Visual strength: 60% luxury. Design language: blue-silver formal World Cup collectible card, clean premium border, clear player portrait, reduced light effects. Country palette: deep blue, white, red, silver. Use the unified card system inspired by the local Rare template reference (assets/card_templates/sample-rare-diogo-costa.png): Layer 1 background and border, Layer 2 player portrait, Layer 3 UI information; keep the face and upper body clear. Visible card text only: ""伊东纯也"", ""ITO Junya"", ""Japan"", ""#14"", ""MF"", ""Rare"", ""2026 World Cup"", ""CAN / MEX / USA 2026"". Output filename: ito-junya.png. Intended path: public/cards/japan/ito-junya.png. Strictly avoid UEFA EURO, EURO 2024, Qatar 2022, 2022 World Cup, ability values, attack/defense/speed attributes, FUT-style attribute panels, titles, codenames, slogans, short descriptive copy, club logos, sponsor logos, watermarks, extra random text, and misspelled tournament branding."
"Japan","镰田大地","KAMADA Daichi","15","MF","Epic","P1","public/cards/japan/kamada-daichi.png","Create one complete vertical 2:3 AI-generated 2026 World Cup football collectible card for KAMADA Daichi / 镰田大地. National team: Japan. Jersey: Japan deep blue home jersey with white and red accents. Shirt number: #15. Position: MF. Portrait direction: create an original footballer portrait with a similar playing-role energy and public vibe to KAMADA Daichi, but do not request or imply an exact likeness, identity-copy, or real photo replication. Rarity: Epic. Visual strength: 80% luxury. Design language: purple-gold and national-team energy card, star-player poster feeling, strong but controlled glow, premium gem-like border. Country palette: deep blue, white, red, silver. Use the unified card system inspired by the local Epic template reference (assets/card_templates/sample-epic-bruno.png): Layer 1 background and border, Layer 2 player portrait, Layer 3 UI information; keep the face and upper body clear. Visible card text only: ""镰田大地"", ""KAMADA Daichi"", ""Japan"", ""#15"", ""MF"", ""Epic"", ""2026 World Cup"", ""CAN / MEX / USA 2026"". Output filename: kamada-daichi.png. Intended path: public/cards/japan/kamada-daichi.png. Strictly avoid UEFA EURO, EURO 2024, Qatar 2022, 2022 World Cup, ability values, attack/defense/speed attributes, FUT-style attribute panels, titles, codenames, slogans, short descriptive copy, club logos, sponsor logos, watermarks, extra random text, and misspelled tournament branding."
"Japan","渡边刚","WATANABE Tsuyoshi","16","DF","Common","P3","public/cards/japan/watanabe-tsuyoshi.png","Create one complete vertical 2:3 AI-generated 2026 World Cup football collectible card for WATANABE Tsuyoshi / 渡边刚. National team: Japan. Jersey: Japan deep blue home jersey with white and red accents. Shirt number: #16. Position: DF. Portrait direction: create an original footballer portrait with a similar playing-role energy and public vibe to WATANABE Tsuyoshi, but do not request or imply an exact likeness, identity-copy, or real photo replication. Rarity: Common. Visual strength: 40% luxury. Design language: white-silver clean World Cup collectible card, simple but still premium, clear player portrait, minimal glow. Country palette: deep blue, white, red, silver. Use the unified card system inspired by the local Common template reference (assets/card_templates/sample-common-nelson-semedo.png): Layer 1 background and border, Layer 2 player portrait, Layer 3 UI information; keep the face and upper body clear. Visible card text only: ""渡边刚"", ""WATANABE Tsuyoshi"", ""Japan"", ""#16"", ""DF"", ""Common"", ""2026 World Cup"", ""CAN / MEX / USA 2026"". Output filename: watanabe-tsuyoshi.png. Intended path: public/cards/japan/watanabe-tsuyoshi.png. Strictly avoid UEFA EURO, EURO 2024, Qatar 2022, 2022 World Cup, ability values, attack/defense/speed attributes, FUT-style attribute panels, titles, codenames, slogans, short descriptive copy, club logos, sponsor logos, watermarks, extra random text, and misspelled tournament branding."
"Japan","铃木唯人","SUZUKI Yuito","17","MF","Common","P3","public/cards/japan/suzuki-yuito.png","Create one complete vertical 2:3 AI-generated 2026 World Cup football collectible card for SUZUKI Yuito / 铃木唯人. National team: Japan. Jersey: Japan deep blue home jersey with white and red accents. Shirt number: #17. Position: MF. Portrait direction: create an original footballer portrait with a similar playing-role energy and public vibe to SUZUKI Yuito, but do not request or imply an exact likeness, identity-copy, or real photo replication. Rarity: Common. Visual strength: 40% luxury. Design language: white-silver clean World Cup collectible card, simple but still premium, clear player portrait, minimal glow. Country palette: deep blue, white, red, silver. Use the unified card system inspired by the local Common template reference (assets/card_templates/sample-common-nelson-semedo.png): Layer 1 background and border, Layer 2 player portrait, Layer 3 UI information; keep the face and upper body clear. Visible card text only: ""铃木唯人"", ""SUZUKI Yuito"", ""Japan"", ""#17"", ""MF"", ""Common"", ""2026 World Cup"", ""CAN / MEX / USA 2026"". Output filename: suzuki-yuito.png. Intended path: public/cards/japan/suzuki-yuito.png. Strictly avoid UEFA EURO, EURO 2024, Qatar 2022, 2022 World Cup, ability values, attack/defense/speed attributes, FUT-style attribute panels, titles, codenames, slogans, short descriptive copy, club logos, sponsor logos, watermarks, extra random text, and misspelled tournament branding."
"Japan","上田绮世","UEDA Ayase","18","FW","Rare","P2","public/cards/japan/ueda-ayase.png","Create one complete vertical 2:3 AI-generated 2026 World Cup football collectible card for UEDA Ayase / 上田绮世. National team: Japan. Jersey: Japan deep blue home jersey with white and red accents. Shirt number: #18. Position: FW. Portrait direction: create an original footballer portrait with a similar playing-role energy and public vibe to UEDA Ayase, but do not request or imply an exact likeness, identity-copy, or real photo replication. Rarity: Rare. Visual strength: 60% luxury. Design language: blue-silver formal World Cup collectible card, clean premium border, clear player portrait, reduced light effects. Country palette: deep blue, white, red, silver. Use the unified card system inspired by the local Rare template reference (assets/card_templates/sample-rare-diogo-costa.png): Layer 1 background and border, Layer 2 player portrait, Layer 3 UI information; keep the face and upper body clear. Visible card text only: ""上田绮世"", ""UEDA Ayase"", ""Japan"", ""#18"", ""FW"", ""Rare"", ""2026 World Cup"", ""CAN / MEX / USA 2026"". Output filename: ueda-ayase.png. Intended path: public/cards/japan/ueda-ayase.png. Strictly avoid UEFA EURO, EURO 2024, Qatar 2022, 2022 World Cup, ability values, attack/defense/speed attributes, FUT-style attribute panels, titles, codenames, slogans, short descriptive copy, club logos, sponsor logos, watermarks, extra random text, and misspelled tournament branding."
"Japan","小川航基","OGAWA Koki","19","FW","Common","P3","public/cards/japan/ogawa-koki.png","Create one complete vertical 2:3 AI-generated 2026 World Cup football collectible card for OGAWA Koki / 小川航基. National team: Japan. Jersey: Japan deep blue home jersey with white and red accents. Shirt number: #19. Position: FW. Portrait direction: create an original footballer portrait with a similar playing-role energy and public vibe to OGAWA Koki, but do not request or imply an exact likeness, identity-copy, or real photo replication. Rarity: Common. Visual strength: 40% luxury. Design language: white-silver clean World Cup collectible card, simple but still premium, clear player portrait, minimal glow. Country palette: deep blue, white, red, silver. Use the unified card system inspired by the local Common template reference (assets/card_templates/sample-common-nelson-semedo.png): Layer 1 background and border, Layer 2 player portrait, Layer 3 UI information; keep the face and upper body clear. Visible card text only: ""小川航基"", ""OGAWA Koki"", ""Japan"", ""#19"", ""FW"", ""Common"", ""2026 World Cup"", ""CAN / MEX / USA 2026"". Output filename: ogawa-koki.png. Intended path: public/cards/japan/ogawa-koki.png. Strictly avoid UEFA EURO, EURO 2024, Qatar 2022, 2022 World Cup, ability values, attack/defense/speed attributes, FUT-style attribute panels, titles, codenames, slogans, short descriptive copy, club logos, sponsor logos, watermarks, extra random text, and misspelled tournament branding."
"Japan","濑古步梦","SEKO Ayumu","20","DF","Common","P3","public/cards/japan/seko-ayumu.png","Create one complete vertical 2:3 AI-generated 2026 World Cup football collectible card for SEKO Ayumu / 濑古步梦. National team: Japan. Jersey: Japan deep blue home jersey with white and red accents. Shirt number: #20. Position: DF. Portrait direction: create an original footballer portrait with a similar playing-role energy and public vibe to SEKO Ayumu, but do not request or imply an exact likeness, identity-copy, or real photo replication. Rarity: Common. Visual strength: 40% luxury. Design language: white-silver clean World Cup collectible card, simple but still premium, clear player portrait, minimal glow. Country palette: deep blue, white, red, silver. Use the unified card system inspired by the local Common template reference (assets/card_templates/sample-common-nelson-semedo.png): Layer 1 background and border, Layer 2 player portrait, Layer 3 UI information; keep the face and upper body clear. Visible card text only: ""濑古步梦"", ""SEKO Ayumu"", ""Japan"", ""#20"", ""DF"", ""Common"", ""2026 World Cup"", ""CAN / MEX / USA 2026"". Output filename: seko-ayumu.png. Intended path: public/cards/japan/seko-ayumu.png. Strictly avoid UEFA EURO, EURO 2024, Qatar 2022, 2022 World Cup, ability values, attack/defense/speed attributes, FUT-style attribute panels, titles, codenames, slogans, short descriptive copy, club logos, sponsor logos, watermarks, extra random text, and misspelled tournament branding."
"Japan","伊藤洋辉","ITO Hiroki","21","DF","Common","P3","public/cards/japan/ito-hiroki.png","Create one complete vertical 2:3 AI-generated 2026 World Cup football collectible card for ITO Hiroki / 伊藤洋辉. National team: Japan. Jersey: Japan deep blue home jersey with white and red accents. Shirt number: #21. Position: DF. Portrait direction: create an original footballer portrait with a similar playing-role energy and public vibe to ITO Hiroki, but do not request or imply an exact likeness, identity-copy, or real photo replication. Rarity: Common. Visual strength: 40% luxury. Design language: white-silver clean World Cup collectible card, simple but still premium, clear player portrait, minimal glow. Country palette: deep blue, white, red, silver. Use the unified card system inspired by the local Common template reference (assets/card_templates/sample-common-nelson-semedo.png): Layer 1 background and border, Layer 2 player portrait, Layer 3 UI information; keep the face and upper body clear. Visible card text only: ""伊藤洋辉"", ""ITO Hiroki"", ""Japan"", ""#21"", ""DF"", ""Common"", ""2026 World Cup"", ""CAN / MEX / USA 2026"". Output filename: ito-hiroki.png. Intended path: public/cards/japan/ito-hiroki.png. Strictly avoid UEFA EURO, EURO 2024, Qatar 2022, 2022 World Cup, ability values, attack/defense/speed attributes, FUT-style attribute panels, titles, codenames, slogans, short descriptive copy, club logos, sponsor logos, watermarks, extra random text, and misspelled tournament branding."
"Japan","富安健洋","TOMIYASU Takehiro","22","DF","Epic","P1","public/cards/japan/tomiyasu-takehiro.png","Create one complete vertical 2:3 AI-generated 2026 World Cup football collectible card for TOMIYASU Takehiro / 富安健洋. National team: Japan. Jersey: Japan deep blue home jersey with white and red accents. Shirt number: #22. Position: DF. Portrait direction: create an original footballer portrait with a similar playing-role energy and public vibe to TOMIYASU Takehiro, but do not request or imply an exact likeness, identity-copy, or real photo replication. Rarity: Epic. Visual strength: 80% luxury. Design language: purple-gold and national-team energy card, star-player poster feeling, strong but controlled glow, premium gem-like border. Country palette: deep blue, white, red, silver. Use the unified card system inspired by the local Epic template reference (assets/card_templates/sample-epic-bruno.png): Layer 1 background and border, Layer 2 player portrait, Layer 3 UI information; keep the face and upper body clear. Visible card text only: ""富安健洋"", ""TOMIYASU Takehiro"", ""Japan"", ""#22"", ""DF"", ""Epic"", ""2026 World Cup"", ""CAN / MEX / USA 2026"". Output filename: tomiyasu-takehiro.png. Intended path: public/cards/japan/tomiyasu-takehiro.png. Strictly avoid UEFA EURO, EURO 2024, Qatar 2022, 2022 World Cup, ability values, attack/defense/speed attributes, FUT-style attribute panels, titles, codenames, slogans, short descriptive copy, club logos, sponsor logos, watermarks, extra random text, and misspelled tournament branding."
"Japan","早川友基","HAYAKAWA Tomoki","23","GK","Common","P3","public/cards/japan/hayakawa-tomoki.png","Create one complete vertical 2:3 AI-generated 2026 World Cup football collectible card for HAYAKAWA Tomoki / 早川友基. National team: Japan. Jersey: Japan deep blue home jersey with white and red accents. Shirt number: #23. Position: GK. Portrait direction: create an original footballer portrait with a similar playing-role energy and public vibe to HAYAKAWA Tomoki, but do not request or imply an exact likeness, identity-copy, or real photo replication. Rarity: Common. Visual strength: 40% luxury. Design language: white-silver clean World Cup collectible card, simple but still premium, clear player portrait, minimal glow. Country palette: deep blue, white, red, silver. Use the unified card system inspired by the local Common template reference (assets/card_templates/sample-common-nelson-semedo.png): Layer 1 background and border, Layer 2 player portrait, Layer 3 UI information; keep the face and upper body clear. Visible card text only: ""早川友基"", ""HAYAKAWA Tomoki"", ""Japan"", ""#23"", ""GK"", ""Common"", ""2026 World Cup"", ""CAN / MEX / USA 2026"". Output filename: hayakawa-tomoki.png. Intended path: public/cards/japan/hayakawa-tomoki.png. Strictly avoid UEFA EURO, EURO 2024, Qatar 2022, 2022 World Cup, ability values, attack/defense/speed attributes, FUT-style attribute panels, titles, codenames, slogans, short descriptive copy, club logos, sponsor logos, watermarks, extra random text, and misspelled tournament branding."
"Japan","佐野海舟","SANO Kaishu","24","MF","Common","P3","public/cards/japan/sano-kaishu.png","Create one complete vertical 2:3 AI-generated 2026 World Cup football collectible card for SANO Kaishu / 佐野海舟. National team: Japan. Jersey: Japan deep blue home jersey with white and red accents. Shirt number: #24. Position: MF. Portrait direction: create an original footballer portrait with a similar playing-role energy and public vibe to SANO Kaishu, but do not request or imply an exact likeness, identity-copy, or real photo replication. Rarity: Common. Visual strength: 40% luxury. Design language: white-silver clean World Cup collectible card, simple but still premium, clear player portrait, minimal glow. Country palette: deep blue, white, red, silver. Use the unified card system inspired by the local Common template reference (assets/card_templates/sample-common-nelson-semedo.png): Layer 1 background and border, Layer 2 player portrait, Layer 3 UI information; keep the face and upper body clear. Visible card text only: ""佐野海舟"", ""SANO Kaishu"", ""Japan"", ""#24"", ""MF"", ""Common"", ""2026 World Cup"", ""CAN / MEX / USA 2026"". Output filename: sano-kaishu.png. Intended path: public/cards/japan/sano-kaishu.png. Strictly avoid UEFA EURO, EURO 2024, Qatar 2022, 2022 World Cup, ability values, attack/defense/speed attributes, FUT-style attribute panels, titles, codenames, slogans, short descriptive copy, club logos, sponsor logos, watermarks, extra random text, and misspelled tournament branding."
"Japan","铃木淳之介","SUZUKI Junnosuke","25","DF","Common","P3","public/cards/japan/suzuki-junnosuke.png","Create one complete vertical 2:3 AI-generated 2026 World Cup football collectible card for SUZUKI Junnosuke / 铃木淳之介. National team: Japan. Jersey: Japan deep blue home jersey with white and red accents. Shirt number: #25. Position: DF. Portrait direction: create an original footballer portrait with a similar playing-role energy and public vibe to SUZUKI Junnosuke, but do not request or imply an exact likeness, identity-copy, or real photo replication. Rarity: Common. Visual strength: 40% luxury. Design language: white-silver clean World Cup collectible card, simple but still premium, clear player portrait, minimal glow. Country palette: deep blue, white, red, silver. Use the unified card system inspired by the local Common template reference (assets/card_templates/sample-common-nelson-semedo.png): Layer 1 background and border, Layer 2 player portrait, Layer 3 UI information; keep the face and upper body clear. Visible card text only: ""铃木淳之介"", ""SUZUKI Junnosuke"", ""Japan"", ""#25"", ""DF"", ""Common"", ""2026 World Cup"", ""CAN / MEX / USA 2026"". Output filename: suzuki-junnosuke.png. Intended path: public/cards/japan/suzuki-junnosuke.png. Strictly avoid UEFA EURO, EURO 2024, Qatar 2022, 2022 World Cup, ability values, attack/defense/speed attributes, FUT-style attribute panels, titles, codenames, slogans, short descriptive copy, club logos, sponsor logos, watermarks, extra random text, and misspelled tournament branding."
"Japan","盐贝健人","SHIOGAI Kento","26","FW","Common","P3","public/cards/japan/shiogai-kento.png","Create one complete vertical 2:3 AI-generated 2026 World Cup football collectible card for SHIOGAI Kento / 盐贝健人. National team: Japan. Jersey: Japan deep blue home jersey with white and red accents. Shirt number: #26. Position: FW. Portrait direction: create an original footballer portrait with a similar playing-role energy and public vibe to SHIOGAI Kento, but do not request or imply an exact likeness, identity-copy, or real photo replication. Rarity: Common. Visual strength: 40% luxury. Design language: white-silver clean World Cup collectible card, simple but still premium, clear player portrait, minimal glow. Country palette: deep blue, white, red, silver. Use the unified card system inspired by the local Common template reference (assets/card_templates/sample-common-nelson-semedo.png): Layer 1 background and border, Layer 2 player portrait, Layer 3 UI information; keep the face and upper body clear. Visible card text only: ""盐贝健人"", ""SHIOGAI Kento"", ""Japan"", ""#26"", ""FW"", ""Common"", ""2026 World Cup"", ""CAN / MEX / USA 2026"". Output filename: shiogai-kento.png. Intended path: public/cards/japan/shiogai-kento.png. Strictly avoid UEFA EURO, EURO 2024, Qatar 2022, 2022 World Cup, ability values, attack/defense/speed attributes, FUT-style attribute panels, titles, codenames, slogans, short descriptive copy, club logos, sponsor logos, watermarks, extra random text, and misspelled tournament branding."
